dgs;Traveler: Project;Rosetta Assigned Project;Rosetta State;IDX Assigned Project;imageset;Project State;Projects with no Imageset workflow
007759338;15-0409: England, Warwickshire Parish Registers, part 4, 1538-1963 - FSI \\ 15-0409: England, Warwickshire Parish Registers, part 4, 1538-1963 - FSI;[UK, England, Warwickshire—Parish Registers, Marriages, 1754–1960 \[Part 4\]|https://www.familysearch.org/indexing/admin-new/#/projects/442A1FDA-47B0-43B9-A3C2-D03DFF43121D/overview];;[UK, England, Warwickshire—Parish Registers, Marriages, 1754–1960 \[Part 4\]|https://www.familysearch.org/indexing/admin-new/#/projects/442A1FDA-47B0-43B9-A3C2-D03DFF43121D/overview] \\ [UK, England, Warwickshire—Parish Registers, Marriages, 1754–1960 \[Part 5\]|https://www.familysearch.org/indexing/admin-new/#/projects/DADEBF06-0A4C-41FA-BAFD-4DF065AF3197/overview];[E868B3ED-2216-4A88-84C4-05A9BBC3608B|https://www.familysearch.org/indexing/admin-new/#/projects/442A1FDA-47B0-43B9-A3C2-D03DFF43121D/manage/E868B3ED-2216-4A88-84C4-05A9BBC3608B/batches/list] \\ [E868B3ED-2216-4A88-84C4-05A9BBC3608B|https://www.familysearch.org/indexing/admin-new/#/projects/DADEBF06-0A4C-41FA-BAFD-4DF065AF3197/manage/E868B3ED-2216-4A88-84C4-05A9BBC3608B/batches/list];READY_FOR_DELIVERY \\ READY_FOR_DELIVERY;
007760132;15-0409: England, Warwickshire Parish Registers, part 4, 1538-1963 - FSI \\ 15-0409: England, Warwickshire Parish Registers, part 4, 1538-1963 - FSI;[UK, England, Warwickshire—Parish Registers, Marriages, 1754–1960 \[Part 4\]|https://www.familysearch.org/indexing/admin-new/#/projects/442A1FDA-47B0-43B9-A3C2-D03DFF43121D/overview];;[UK, England, Warwickshire—Parish Registers, Marriages, 1754–1960 \[Part 4\]|https://www.familysearch.org/indexing/admin-new/#/projects/442A1FDA-47B0-43B9-A3C2-D03DFF43121D/overview] \\ [UK, England, Warwickshire—Parish Registers, Marriages, 1754–1960 \[Part 5\]|https://www.familysearch.org/indexing/admin-new/#/projects/DADEBF06-0A4C-41FA-BAFD-4DF065AF3197/overview];[C609575B-481C-4059-8505-430DC6F2C6B0|https://www.familysearch.org/indexing/admin-new/#/projects/442A1FDA-47B0-43B9-A3C2-D03DFF43121D/manage/C609575B-481C-4059-8505-430DC6F2C6B0/batches/list] \\ [C609575B-481C-4059-8505-430DC6F2C6B0|https://www.familysearch.org/indexing/admin-new/#/projects/DADEBF06-0A4C-41FA-BAFD-4DF065AF3197/manage/C609575B-481C-4059-8505-430DC6F2C6B0/batches/list];READY_FOR_DELIVERY \\ READY_FOR_DELIVERY;
007760133;15-0409: England, Warwickshire Parish Registers, part 4, 1538-1963 - FSI \\ 15-0409: England, Warwickshire Parish Registers, part 4, 1538-1963 - FSI;[UK, England, Warwickshire—Parish Registers, Marriages, 1754–1960 \[Part 4\]|https://www.familysearch.org/indexing/admin-new/#/projects/442A1FDA-47B0-43B9-A3C2-D03DFF43121D/overview];;[UK, England, Warwickshire—Parish Registers, Marriages, 1754–1960 \[Part 4\]|https://www.familysearch.org/indexing/admin-new/#/projects/442A1FDA-47B0-43B9-A3C2-D03DFF43121D/overview] \\ [UK, England, Warwickshire—Parish Registers, Marriages, 1754–1960 \[Part 5\]|https://www.familysearch.org/indexing/admin-new/#/projects/DADEBF06-0A4C-41FA-BAFD-4DF065AF3197/overview];[9064689D-19CC-4387-BF15-A16B105DC2A0|https://www.familysearch.org/indexing/admin-new/#/projects/442A1FDA-47B0-43B9-A3C2-D03DFF43121D/manage/9064689D-19CC-4387-BF15-A16B105DC2A0/batches/list] \\ [9064689D-19CC-4387-BF15-A16B105DC2A0|https://www.familysearch.org/indexing/admin-new/#/projects/DADEBF06-0A4C-41FA-BAFD-4DF065AF3197/manage/9064689D-19CC-4387-BF15-A16B105DC2A0/batches/list];READY_FOR_DELIVERY \\ READY_FOR_DELIVERY;
007760134;15-0409: England, Warwickshire Parish Registers, part 4, 1538-1963 - FSI \\ 15-0409: England, Warwickshire Parish Registers, part 4, 1538-1963 - FSI;[UK, England, Warwickshire—Parish Registers, Marriages, 1754–1960 \[Part 4\]|https://www.familysearch.org/indexing/admin-new/#/projects/442A1FDA-47B0-43B9-A3C2-D03DFF43121D/overview];;[UK, England, Warwickshire—Parish Registers, Marriages, 1754–1960 \[Part 4\]|https://www.familysearch.org/indexing/admin-new/#/projects/442A1FDA-47B0-43B9-A3C2-D03DFF43121D/overview] \\ [UK, England, Warwickshire—Parish Registers, Marriages, 1754–1960 \[Part 5\]|https://www.familysearch.org/indexing/admin-new/#/projects/DADEBF06-0A4C-41FA-BAFD-4DF065AF3197/overview];[4C046AD6-44A5-43AF-8231-1F4AE7393372|https://www.familysearch.org/indexing/admin-new/#/projects/442A1FDA-47B0-43B9-A3C2-D03DFF43121D/manage/4C046AD6-44A5-43AF-8231-1F4AE7393372/batches/list] \\ [4C046AD6-44A5-43AF-8231-1F4AE7393372|https://www.familysearch.org/indexing/admin-new/#/projects/DADEBF06-0A4C-41FA-BAFD-4DF065AF3197/manage/4C046AD6-44A5-43AF-8231-1F4AE7393372/batches/list];READY_FOR_DELIVERY \\ READY_FOR_DELIVERY;
007760135;15-0409: England, Warwickshire Parish Registers, part 4, 1538-1963 - FSI \\ 15-0409: England, Warwickshire Parish Registers, part 4, 1538-1963 - FSI;[UK, England, Warwickshire—Parish Registers, Marriages, 1754–1960 \[Part 4\]|https://www.familysearch.org/indexing/admin-new/#/projects/442A1FDA-47B0-43B9-A3C2-D03DFF43121D/overview];;[UK, England, Warwickshire—Parish Registers, Marriages, 1754–1960 \[Part 5\]|https://www.familysearch.org/indexing/admin-new/#/projects/DADEBF06-0A4C-41FA-BAFD-4DF065AF3197/overview];[F8BFF244-B7D3-45B0-B7CE-86DBB3A46BAE|https://www.familysearch.org/indexing/admin-new/#/projects/DADEBF06-0A4C-41FA-BAFD-4DF065AF3197/manage/F8BFF244-B7D3-45B0-B7CE-86DBB3A46BAE/batches/list];READY_FOR_DELIVERY;
007760138;15-0409: England, Warwickshire Parish Registers, part 4, 1538-1963 - FSI \\ 15-0409: England, Warwickshire Parish Registers, part 4, 1538-1963 - FSI;[UK, England, Warwickshire—Parish Registers, Marriages, 1754–1960 \[Part 4\]|https://www.familysearch.org/indexing/admin-new/#/projects/442A1FDA-47B0-43B9-A3C2-D03DFF43121D/overview];;[UK, England, Warwickshire—Parish Registers, Marriages, 1754–1960 \[Part 4\]|https://www.familysearch.org/indexing/admin-new/#/projects/442A1FDA-47B0-43B9-A3C2-D03DFF43121D/overview] \\ [UK, England, Warwickshire—Parish Registers, Marriages, 1754–1960 \[Part 5\]|https://www.familysearch.org/indexing/admin-new/#/projects/DADEBF06-0A4C-41FA-BAFD-4DF065AF3197/overview];[9F87F3CF-44B5-4D1B-908C-3973C41F9876|https://www.familysearch.org/indexing/admin-new/#/projects/442A1FDA-47B0-43B9-A3C2-D03DFF43121D/manage/9F87F3CF-44B5-4D1B-908C-3973C41F9876/batches/list] \\ [9F87F3CF-44B5-4D1B-908C-3973C41F9876|https://www.familysearch.org/indexing/admin-new/#/projects/DADEBF06-0A4C-41FA-BAFD-4DF065AF3197/manage/9F87F3CF-44B5-4D1B-908C-3973C41F9876/batches/list];READY_FOR_DELIVERY \\ READY_FOR_DELIVERY;
007760139;15-0409: England, Warwickshire Parish Registers, part 4, 1538-1963 - FSI \\ 15-0409: England, Warwickshire Parish Registers, part 4, 1538-1963 - FSI;[UK, England, Warwickshire—Parish Registers, Marriages, 1754–1960 \[Part 4\]|https://www.familysearch.org/indexing/admin-new/#/projects/442A1FDA-47B0-43B9-A3C2-D03DFF43121D/overview];;[UK, England, Warwickshire—Parish Registers, Marriages, 1754–1960 \[Part 4\]|https://www.familysearch.org/indexing/admin-new/#/projects/442A1FDA-47B0-43B9-A3C2-D03DFF43121D/overview] \\ [UK, England, Warwickshire—Parish Registers, Marriages, 1754–1960 \[Part 5\]|https://www.familysearch.org/indexing/admin-new/#/projects/DADEBF06-0A4C-41FA-BAFD-4DF065AF3197/overview];[EECA1793-8A05-45EE-90F2-1795D058C05B|https://www.familysearch.org/indexing/admin-new/#/projects/442A1FDA-47B0-43B9-A3C2-D03DFF43121D/manage/EECA1793-8A05-45EE-90F2-1795D058C05B/batches/list] \\ [EECA1793-8A05-45EE-90F2-1795D058C05B|https://www.familysearch.org/indexing/admin-new/#/projects/DADEBF06-0A4C-41FA-BAFD-4DF065AF3197/manage/EECA1793-8A05-45EE-90F2-1795D058C05B/batches/list];READY_FOR_DELIVERY \\ READY_FOR_DELIVERY;
007760140;15-0409: England, Warwickshire Parish Registers, part 4, 1538-1963 - FSI \\ 15-0409: England, Warwickshire Parish Registers, part 4, 1538-1963 - FSI;[UK, England, Warwickshire—Parish Registers, Marriages, 1754–1960 \[Part 4\]|https://www.familysearch.org/indexing/admin-new/#/projects/442A1FDA-47B0-43B9-A3C2-D03DFF43121D/overview];;[UK, England, Warwickshire—Parish Registers, Marriages, 1754–1960 \[Part 4\]|https://www.familysearch.org/indexing/admin-new/#/projects/442A1FDA-47B0-43B9-A3C2-D03DFF43121D/overview] \\ [UK, England, Warwickshire—Parish Registers, Marriages, 1754–1960 \[Part 5\]|https://www.familysearch.org/indexing/admin-new/#/projects/DADEBF06-0A4C-41FA-BAFD-4DF065AF3197/overview];[635654EB-0D1C-4C93-83D7-86381D8FA327|https://www.familysearch.org/indexing/admin-new/#/projects/442A1FDA-47B0-43B9-A3C2-D03DFF43121D/manage/635654EB-0D1C-4C93-83D7-86381D8FA327/batches/list] \\ [635654EB-0D1C-4C93-83D7-86381D8FA327|https://www.familysearch.org/indexing/admin-new/#/projects/DADEBF06-0A4C-41FA-BAFD-4DF065AF3197/manage/635654EB-0D1C-4C93-83D7-86381D8FA327/batches/list];READY_FOR_DELIVERY \\ READY_FOR_DELIVERY;
007760141;15-0409: England, Warwickshire Parish Registers, part 4, 1538-1963 - FSI \\ 15-0409: England, Warwickshire Parish Registers, part 4, 1538-1963 - FSI;[UK, England, Warwickshire—Parish Registers, Marriages, 1754–1960 \[Part 4\]|https://www.familysearch.org/indexing/admin-new/#/projects/442A1FDA-47B0-43B9-A3C2-D03DFF43121D/overview];;[UK, England, Warwickshire—Parish Registers, Marriages, 1754–1960 \[Part 4\]|https://www.familysearch.org/indexing/admin-new/#/projects/442A1FDA-47B0-43B9-A3C2-D03DFF43121D/overview] \\ [UK, England, Warwickshire—Parish Registers, Marriages, 1754–1960 \[Part 5\]|https://www.familysearch.org/indexing/admin-new/#/projects/DADEBF06-0A4C-41FA-BAFD-4DF065AF3197/overview];[FC3721D6-2F13-4696-9D9B-F6EA7750379E|https://www.familysearch.org/indexing/admin-new/#/projects/442A1FDA-47B0-43B9-A3C2-D03DFF43121D/manage/FC3721D6-2F13-4696-9D9B-F6EA7750379E/batches/list] \\ [FC3721D6-2F13-4696-9D9B-F6EA7750379E|https://www.familysearch.org/indexing/admin-new/#/projects/DADEBF06-0A4C-41FA-BAFD-4DF065AF3197/manage/FC3721D6-2F13-4696-9D9B-F6EA7750379E/batches/list];READY_FOR_DELIVERY \\ READY_FOR_DELIVERY;
007760142;15-0409: England, Warwickshire Parish Registers, part 4, 1538-1963 - FSI \\ 15-0409: England, Warwickshire Parish Registers, part 4, 1538-1963 - FSI;[UK, England, Warwickshire—Parish Registers, Marriages, 1754–1960 \[Part 4\]|https://www.familysearch.org/indexing/admin-new/#/projects/442A1FDA-47B0-43B9-A3C2-D03DFF43121D/overview];;[UK, England, Warwickshire—Parish Registers, Marriages, 1754–1960 \[Part 4\]|https://www.familysearch.org/indexing/admin-new/#/projects/442A1FDA-47B0-43B9-A3C2-D03DFF43121D/overview] \\ [UK, England, Warwickshire—Parish Registers, Marriages, 1754–1960 \[Part 5\]|https://www.familysearch.org/indexing/admin-new/#/projects/DADEBF06-0A4C-41FA-BAFD-4DF065AF3197/overview];[3B15EFA5-481D-4982-ABE3-FF51D59DA7D3|https://www.familysearch.org/indexing/admin-new/#/projects/442A1FDA-47B0-43B9-A3C2-D03DFF43121D/manage/3B15EFA5-481D-4982-ABE3-FF51D59DA7D3/batches/list] \\ [3B15EFA5-481D-4982-ABE3-FF51D59DA7D3|https://www.familysearch.org/indexing/admin-new/#/projects/DADEBF06-0A4C-41FA-BAFD-4DF065AF3197/manage/3B15EFA5-481D-4982-ABE3-FF51D59DA7D3/batches/list];READY_FOR_DELIVERY \\ READY_FOR_DELIVERY;
007760143;15-0409: England, Warwickshire Parish Registers, part 4, 1538-1963 - FSI \\ 15-0409: England, Warwickshire Parish Registers, part 4, 1538-1963 - FSI;[UK, England, Warwickshire—Parish Registers, Marriages, 1754–1960 \[Part 4\]|https://www.familysearch.org/indexing/admin-new/#/projects/442A1FDA-47B0-43B9-A3C2-D03DFF43121D/overview];;[UK, England, Warwickshire—Parish Registers, Marriages, 1754–1960 \[Part 4\]|https://www.familysearch.org/indexing/admin-new/#/projects/442A1FDA-47B0-43B9-A3C2-D03DFF43121D/overview] \\ [UK, England, Warwickshire—Parish Registers, Marriages, 1754–1960 \[Part 5\]|https://www.familysearch.org/indexing/admin-new/#/projects/DADEBF06-0A4C-41FA-BAFD-4DF065AF3197/overview];[CEF9D53B-8896-4BE5-A051-AE0C9E3A954E|https://www.familysearch.org/indexing/admin-new/#/projects/442A1FDA-47B0-43B9-A3C2-D03DFF43121D/manage/CEF9D53B-8896-4BE5-A051-AE0C9E3A954E/batches/list] \\ [CEF9D53B-8896-4BE5-A051-AE0C9E3A954E|https://www.familysearch.org/indexing/admin-new/#/projects/DADEBF06-0A4C-41FA-BAFD-4DF065AF3197/manage/CEF9D53B-8896-4BE5-A051-AE0C9E3A954E/batches/list];READY_FOR_DELIVERY \\ READY_FOR_DELIVERY;
007760144;15-0409: England, Warwickshire Parish Registers, part 4, 1538-1963 - FSI \\ 15-0409: England, Warwickshire Parish Registers, part 4, 1538-1963 - FSI;[UK, England, Warwickshire—Parish Registers, Marriages, 1754–1960 \[Part 4\]|https://www.familysearch.org/indexing/admin-new/#/projects/442A1FDA-47B0-43B9-A3C2-D03DFF43121D/overview];;[UK, England, Warwickshire—Parish Registers, Marriages, 1754–1960 \[Part 4\]|https://www.familysearch.org/indexing/admin-new/#/projects/442A1FDA-47B0-43B9-A3C2-D03DFF43121D/overview] \\ [UK, England, Warwickshire—Parish Registers, Marriages, 1754–1960 \[Part 5\]|https://www.familysearch.org/indexing/admin-new/#/projects/DADEBF06-0A4C-41FA-BAFD-4DF065AF3197/overview];[DFD7CF45-778E-4982-8330-728EB954527A|https://www.familysearch.org/indexing/admin-new/#/projects/442A1FDA-47B0-43B9-A3C2-D03DFF43121D/manage/DFD7CF45-778E-4982-8330-728EB954527A/batches/list] \\ [DFD7CF45-778E-4982-8330-728EB954527A|https://www.familysearch.org/indexing/admin-new/#/projects/DADEBF06-0A4C-41FA-BAFD-4DF065AF3197/manage/DFD7CF45-778E-4982-8330-728EB954527A/batches/list];READY_FOR_DELIVERY \\ READY_FOR_DELIVERY;
007760145;15-0409: England, Warwickshire Parish Registers, part 4, 1538-1963 - FSI \\ 15-0409: England, Warwickshire Parish Registers, part 4, 1538-1963 - FSI;[UK, England, Warwickshire—Parish Registers, Marriages, 1754–1960 \[Part 4\]|https://www.familysearch.org/indexing/admin-new/#/projects/442A1FDA-47B0-43B9-A3C2-D03DFF43121D/overview];;[UK, England, Warwickshire—Parish Registers, Marriages, 1754–1960 \[Part 4\]|https://www.familysearch.org/indexing/admin-new/#/projects/442A1FDA-47B0-43B9-A3C2-D03DFF43121D/overview] \\ [UK, England, Warwickshire—Parish Registers, Marriages, 1754–1960 \[Part 5\]|https://www.familysearch.org/indexing/admin-new/#/projects/DADEBF06-0A4C-41FA-BAFD-4DF065AF3197/overview];[16AF5A37-F34B-496D-A769-87BA50743AC1|https://www.familysearch.org/indexing/admin-new/#/projects/442A1FDA-47B0-43B9-A3C2-D03DFF43121D/manage/16AF5A37-F34B-496D-A769-87BA50743AC1/batches/list] \\ [16AF5A37-F34B-496D-A769-87BA50743AC1|https://www.familysearch.org/indexing/admin-new/#/projects/DADEBF06-0A4C-41FA-BAFD-4DF065AF3197/manage/16AF5A37-F34B-496D-A769-87BA50743AC1/batches/list];READY_FOR_DELIVERY \\ READY_FOR_DELIVERY;
007760146;15-0409: England, Warwickshire Parish Registers, part 4, 1538-1963 - FSI \\ 15-0409: England, Warwickshire Parish Registers, part 4, 1538-1963 - FSI;[UK, England, Warwickshire—Parish Registers, Marriages, 1754–1960 \[Part 4\]|https://www.familysearch.org/indexing/admin-new/#/projects/442A1FDA-47B0-43B9-A3C2-D03DFF43121D/overview];;[UK, England, Warwickshire—Parish Registers, Marriages, 1754–1960 \[Part 4\]|https://www.familysearch.org/indexing/admin-new/#/projects/442A1FDA-47B0-43B9-A3C2-D03DFF43121D/overview] \\ [UK, England, Warwickshire—Parish Registers, Marriages, 1754–1960 \[Part 5\]|https://www.familysearch.org/indexing/admin-new/#/projects/DADEBF06-0A4C-41FA-BAFD-4DF065AF3197/overview];[3292C295-0C45-4114-96E2-C0C85205C2D6|https://www.familysearch.org/indexing/admin-new/#/projects/442A1FDA-47B0-43B9-A3C2-D03DFF43121D/manage/3292C295-0C45-4114-96E2-C0C85205C2D6/batches/list] \\ [3292C295-0C45-4114-96E2-C0C85205C2D6|https://www.familysearch.org/indexing/admin-new/#/projects/DADEBF06-0A4C-41FA-BAFD-4DF065AF3197/manage/3292C295-0C45-4114-96E2-C0C85205C2D6/batches/list];READY_FOR_DELIVERY \\ READY_FOR_DELIVERY;
007760147;15-0409: England, Warwickshire Parish Registers, part 4, 1538-1963 - FSI \\ 15-0409: England, Warwickshire Parish Registers, part 4, 1538-1963 - FSI;[UK, England, Warwickshire—Parish Registers, Marriages, 1754–1960 \[Part 4\]|https://www.familysearch.org/indexing/admin-new/#/projects/442A1FDA-47B0-43B9-A3C2-D03DFF43121D/overview];;[UK, England, Warwickshire—Parish Registers, Marriages, 1754–1960 \[Part 4\]|https://www.familysearch.org/indexing/admin-new/#/projects/442A1FDA-47B0-43B9-A3C2-D03DFF43121D/overview] \\ [UK, England, Warwickshire—Parish Registers, Marriages, 1754–1960 \[Part 5\]|https://www.familysearch.org/indexing/admin-new/#/projects/DADEBF06-0A4C-41FA-BAFD-4DF065AF3197/overview];[592D0417-B230-41C2-9F2B-4FA7F24B5EC1|https://www.familysearch.org/indexing/admin-new/#/projects/442A1FDA-47B0-43B9-A3C2-D03DFF43121D/manage/592D0417-B230-41C2-9F2B-4FA7F24B5EC1/batches/list] \\ [592D0417-B230-41C2-9F2B-4FA7F24B5EC1|https://www.familysearch.org/indexing/admin-new/#/projects/DADEBF06-0A4C-41FA-BAFD-4DF065AF3197/manage/592D0417-B230-41C2-9F2B-4FA7F24B5EC1/batches/list];READY_FOR_DELIVERY \\ READY_FOR_DELIVERY;
007760148;15-0409: England, Warwickshire Parish Registers, part 4, 1538-1963 - FSI \\ 15-0409: England, Warwickshire Parish Registers, part 4, 1538-1963 - FSI;[UK, England, Warwickshire—Parish Registers, Marriages, 1754–1960 \[Part 4\]|https://www.familysearch.org/indexing/admin-new/#/projects/442A1FDA-47B0-43B9-A3C2-D03DFF43121D/overview];;[UK, England, Warwickshire—Parish Registers, Marriages, 1754–1960 \[Part 4\]|https://www.familysearch.org/indexing/admin-new/#/projects/442A1FDA-47B0-43B9-A3C2-D03DFF43121D/overview] \\ [UK, England, Warwickshire—Parish Registers, Marriages, 1754–1960 \[Part 5\]|https://www.familysearch.org/indexing/admin-new/#/projects/DADEBF06-0A4C-41FA-BAFD-4DF065AF3197/overview];[9E1CFCE8-2DCD-4276-859A-9EEF808EE9BA|https://www.familysearch.org/indexing/admin-new/#/projects/442A1FDA-47B0-43B9-A3C2-D03DFF43121D/manage/9E1CFCE8-2DCD-4276-859A-9EEF808EE9BA/batches/list] \\ [9E1CFCE8-2DCD-4276-859A-9EEF808EE9BA|https://www.familysearch.org/indexing/admin-new/#/projects/DADEBF06-0A4C-41FA-BAFD-4DF065AF3197/manage/9E1CFCE8-2DCD-4276-859A-9EEF808EE9BA/batches/list];READY_FOR_DELIVERY \\ READY_FOR_DELIVERY;
007760149;15-0409: England, Warwickshire Parish Registers, part 4, 1538-1963 - FSI \\ 15-0409: England, Warwickshire Parish Registers, part 4, 1538-1963 - FSI;[UK, England, Warwickshire—Parish Registers, Marriages, 1754–1960 \[Part 4\]|https://www.familysearch.org/indexing/admin-new/#/projects/442A1FDA-47B0-43B9-A3C2-D03DFF43121D/overview];;[UK, England, Warwickshire—Parish Registers, Marriages, 1754–1960 \[Part 4\]|https://www.familysearch.org/indexing/admin-new/#/projects/442A1FDA-47B0-43B9-A3C2-D03DFF43121D/overview] \\ [UK, England, Warwickshire—Parish Registers, Marriages, 1754–1960 \[Part 5\]|https://www.familysearch.org/indexing/admin-new/#/projects/DADEBF06-0A4C-41FA-BAFD-4DF065AF3197/overview];[555D3789-40D6-425F-BB3B-9601535DDF28|https://www.familysearch.org/indexing/admin-new/#/projects/442A1FDA-47B0-43B9-A3C2-D03DFF43121D/manage/555D3789-40D6-425F-BB3B-9601535DDF28/batches/list] \\ [555D3789-40D6-425F-BB3B-9601535DDF28|https://www.familysearch.org/indexing/admin-new/#/projects/DADEBF06-0A4C-41FA-BAFD-4DF065AF3197/manage/555D3789-40D6-425F-BB3B-9601535DDF28/batches/list];READY_FOR_DELIVERY \\ READY_FOR_DELIVERY;
007760150;15-0409: England, Warwickshire Parish Registers, part 4, 1538-1963 - FSI \\ 15-0409: England, Warwickshire Parish Registers, part 4, 1538-1963 - FSI;[UK, England, Warwickshire—Parish Registers, Marriages, 1754–1960 \[Part 4\]|https://www.familysearch.org/indexing/admin-new/#/projects/442A1FDA-47B0-43B9-A3C2-D03DFF43121D/overview];;[UK, England, Warwickshire—Parish Registers, Marriages, 1754–1960 \[Part 4\]|https://www.familysearch.org/indexing/admin-new/#/projects/442A1FDA-47B0-43B9-A3C2-D03DFF43121D/overview] \\ [UK, England, Warwickshire—Parish Registers, Marriages, 1754–1960 \[Part 5\]|https://www.familysearch.org/indexing/admin-new/#/projects/DADEBF06-0A4C-41FA-BAFD-4DF065AF3197/overview];[DE9F7C7C-2A17-4DDF-ADB0-CA1850668B43|https://www.familysearch.org/indexing/admin-new/#/projects/442A1FDA-47B0-43B9-A3C2-D03DFF43121D/manage/DE9F7C7C-2A17-4DDF-ADB0-CA1850668B43/batches/list] \\ [DE9F7C7C-2A17-4DDF-ADB0-CA1850668B43|https://www.familysearch.org/indexing/admin-new/#/projects/DADEBF06-0A4C-41FA-BAFD-4DF065AF3197/manage/DE9F7C7C-2A17-4DDF-ADB0-CA1850668B43/batches/list];READY_FOR_DELIVERY \\ READY_FOR_DELIVERY;
007760151;15-0409: England, Warwickshire Parish Registers, part 4, 1538-1963 - FSI \\ 15-0409: England, Warwickshire Parish Registers, part 4, 1538-1963 - FSI;[UK, England, Warwickshire—Parish Registers, Marriages, 1754–1960 \[Part 4\]|https://www.familysearch.org/indexing/admin-new/#/projects/442A1FDA-47B0-43B9-A3C2-D03DFF43121D/overview];;[UK, England, Warwickshire—Parish Registers, Marriages, 1754–1960 \[Part 4\]|https://www.familysearch.org/indexing/admin-new/#/projects/442A1FDA-47B0-43B9-A3C2-D03DFF43121D/overview] \\ [UK, England, Warwickshire—Parish Registers, Marriages, 1754–1960 \[Part 5\]|https://www.familysearch.org/indexing/admin-new/#/projects/DADEBF06-0A4C-41FA-BAFD-4DF065AF3197/overview];[5DEB93A5-B53D-42CA-8242-C0C35221E78B|https://www.familysearch.org/indexing/admin-new/#/projects/442A1FDA-47B0-43B9-A3C2-D03DFF43121D/manage/5DEB93A5-B53D-42CA-8242-C0C35221E78B/batches/list] \\ [5DEB93A5-B53D-42CA-8242-C0C35221E78B|https://www.familysearch.org/indexing/admin-new/#/projects/DADEBF06-0A4C-41FA-BAFD-4DF065AF3197/manage/5DEB93A5-B53D-42CA-8242-C0C35221E78B/batches/list];READY_FOR_DELIVERY \\ READY_FOR_DELIVERY;
007760152;15-0409: England, Warwickshire Parish Registers, part 4, 1538-1963 - FSI \\ 15-0409: England, Warwickshire Parish Registers, part 4, 1538-1963 - FSI;[UK, England, Warwickshire—Parish Registers, Marriages, 1754–1960 \[Part 4\]|https://www.familysearch.org/indexing/admin-new/#/projects/442A1FDA-47B0-43B9-A3C2-D03DFF43121D/overview];;[UK, England, Warwickshire—Parish Registers, Marriages, 1754–1960 \[Part 4\]|https://www.familysearch.org/indexing/admin-new/#/projects/442A1FDA-47B0-43B9-A3C2-D03DFF43121D/overview] \\ [UK, England, Warwickshire—Parish Registers, Marriages, 1754–1960 \[Part 5\]|https://www.familysearch.org/indexing/admin-new/#/projects/DADEBF06-0A4C-41FA-BAFD-4DF065AF3197/overview];[F46D951A-A8E5-4D78-B428-3C64B8FC7FDC|https://www.familysearch.org/indexing/admin-new/#/projects/442A1FDA-47B0-43B9-A3C2-D03DFF43121D/manage/F46D951A-A8E5-4D78-B428-3C64B8FC7FDC/batches/list] \\ [F46D951A-A8E5-4D78-B428-3C64B8FC7FDC|https://www.familysearch.org/indexing/admin-new/#/projects/DADEBF06-0A4C-41FA-BAFD-4DF065AF3197/manage/F46D951A-A8E5-4D78-B428-3C64B8FC7FDC/batches/list];READY_FOR_DELIVERY \\ READY_FOR_DELIVERY;
007760153;15-0409: England, Warwickshire Parish Registers, part 4, 1538-1963 - FSI \\ 15-0409: England, Warwickshire Parish Registers, part 4, 1538-1963 - FSI;[UK, England, Warwickshire—Parish Registers, Marriages, 1754–1960 \[Part 4\]|https://www.familysearch.org/indexing/admin-new/#/projects/442A1FDA-47B0-43B9-A3C2-D03DFF43121D/overview];;[UK, England, Warwickshire—Parish Registers, Marriages, 1754–1960 \[Part 4\]|https://www.familysearch.org/indexing/admin-new/#/projects/442A1FDA-47B0-43B9-A3C2-D03DFF43121D/overview] \\ [UK, England, Warwickshire—Parish Registers, Marriages, 1754–1960 \[Part 5\]|https://www.familysearch.org/indexing/admin-new/#/projects/DADEBF06-0A4C-41FA-BAFD-4DF065AF3197/overview];[84344E09-1EBD-4BC1-A421-4CDFFCAC4C48|https://www.familysearch.org/indexing/admin-new/#/projects/442A1FDA-47B0-43B9-A3C2-D03DFF43121D/manage/84344E09-1EBD-4BC1-A421-4CDFFCAC4C48/batches/list] \\ [84344E09-1EBD-4BC1-A421-4CDFFCAC4C48|https://www.familysearch.org/indexing/admin-new/#/projects/DADEBF06-0A4C-41FA-BAFD-4DF065AF3197/manage/84344E09-1EBD-4BC1-A421-4CDFFCAC4C48/batches/list];READY_FOR_DELIVERY \\ READY_FOR_DELIVERY;
007760154;15-0409: England, Warwickshire Parish Registers, part 4, 1538-1963 - FSI \\ 15-0409: England, Warwickshire Parish Registers, part 4, 1538-1963 - FSI;[UK, England, Warwickshire—Parish Registers, Marriages, 1754–1960 \[Part 4\]|https://www.familysearch.org/indexing/admin-new/#/projects/442A1FDA-47B0-43B9-A3C2-D03DFF43121D/overview];;[UK, England, Warwickshire—Parish Registers, Marriages, 1754–1960 \[Part 4\]|https://www.familysearch.org/indexing/admin-new/#/projects/442A1FDA-47B0-43B9-A3C2-D03DFF43121D/overview] \\ [UK, England, Warwickshire—Parish Registers, Marriages, 1754–1960 \[Part 5\]|https://www.familysearch.org/indexing/admin-new/#/projects/DADEBF06-0A4C-41FA-BAFD-4DF065AF3197/overview];[2405B9CC-AC7E-4DA2-A25F-8FD0E437E96E|https://www.familysearch.org/indexing/admin-new/#/projects/442A1FDA-47B0-43B9-A3C2-D03DFF43121D/manage/2405B9CC-AC7E-4DA2-A25F-8FD0E437E96E/batches/list] \\ [2405B9CC-AC7E-4DA2-A25F-8FD0E437E96E|https://www.familysearch.org/indexing/admin-new/#/projects/DADEBF06-0A4C-41FA-BAFD-4DF065AF3197/manage/2405B9CC-AC7E-4DA2-A25F-8FD0E437E96E/batches/list];READY_FOR_DELIVERY \\ READY_FOR_DELIVERY;
007760155;15-0409: England, Warwickshire Parish Registers, part 4, 1538-1963 - FSI \\ 15-0409: England, Warwickshire Parish Registers, part 4, 1538-1963 - FSI;[UK, England, Warwickshire—Parish Registers, Marriages, 1754–1960 \[Part 4\]|https://www.familysearch.org/indexing/admin-new/#/projects/442A1FDA-47B0-43B9-A3C2-D03DFF43121D/overview];;[UK, England, Warwickshire—Parish Registers, Marriages, 1754–1960 \[Part 4\]|https://www.familysearch.org/indexing/admin-new/#/projects/442A1FDA-47B0-43B9-A3C2-D03DFF43121D/overview] \\ [UK, England, Warwickshire—Parish Registers, Marriages, 1754–1960 \[Part 5\]|https://www.familysearch.org/indexing/admin-new/#/projects/DADEBF06-0A4C-41FA-BAFD-4DF065AF3197/overview];[52C48BDF-266B-4BBD-89A8-D0525C75D4FF|https://www.familysearch.org/indexing/admin-new/#/projects/442A1FDA-47B0-43B9-A3C2-D03DFF43121D/manage/52C48BDF-266B-4BBD-89A8-D0525C75D4FF/batches/list] \\ [52C48BDF-266B-4BBD-89A8-D0525C75D4FF|https://www.familysearch.org/indexing/admin-new/#/projects/DADEBF06-0A4C-41FA-BAFD-4DF065AF3197/manage/52C48BDF-266B-4BBD-89A8-D0525C75D4FF/batches/list];READY_FOR_DELIVERY \\ READY_FOR_DELIVERY;
007760157;15-0409: England, Warwickshire Parish Registers, part 4, 1538-1963 - FSI \\ 15-0409: England, Warwickshire Parish Registers, part 4, 1538-1963 - FSI;[UK, England, Warwickshire—Parish Registers, Marriages, 1754–1960 \[Part 4\]|https://www.familysearch.org/indexing/admin-new/#/projects/442A1FDA-47B0-43B9-A3C2-D03DFF43121D/overview];;[UK, England, Warwickshire—Parish Registers, Marriages, 1754–1960 \[Part 4\]|https://www.familysearch.org/indexing/admin-new/#/projects/442A1FDA-47B0-43B9-A3C2-D03DFF43121D/overview] \\ [UK, England, Warwickshire—Parish Registers, Marriages, 1754–1960 \[Part 5\]|https://www.familysearch.org/indexing/admin-new/#/projects/DADEBF06-0A4C-41FA-BAFD-4DF065AF3197/overview];[6C3758BA-0EC5-4F15-A204-09D16BBB2F15|https://www.familysearch.org/indexing/admin-new/#/projects/442A1FDA-47B0-43B9-A3C2-D03DFF43121D/manage/6C3758BA-0EC5-4F15-A204-09D16BBB2F15/batches/list] \\ [6C3758BA-0EC5-4F15-A204-09D16BBB2F15|https://www.familysearch.org/indexing/admin-new/#/projects/DADEBF06-0A4C-41FA-BAFD-4DF065AF3197/manage/6C3758BA-0EC5-4F15-A204-09D16BBB2F15/batches/list];READY_FOR_DELIVERY \\ READY_FOR_DELIVERY;
007760158;15-0409: England, Warwickshire Parish Registers, part 4, 1538-1963 - FSI \\ 15-0409: England, Warwickshire Parish Registers, part 4, 1538-1963 - FSI;[UK, England, Warwickshire—Parish Registers, Marriages, 1754–1960 \[Part 4\]|https://www.familysearch.org/indexing/admin-new/#/projects/442A1FDA-47B0-43B9-A3C2-D03DFF43121D/overview];;[UK, England, Warwickshire—Parish Registers, Marriages, 1754–1960 \[Part 4\]|https://www.familysearch.org/indexing/admin-new/#/projects/442A1FDA-47B0-43B9-A3C2-D03DFF43121D/overview] \\ [UK, England, Warwickshire—Parish Registers, Marriages, 1754–1960 \[Part 5\]|https://www.familysearch.org/indexing/admin-new/#/projects/DADEBF06-0A4C-41FA-BAFD-4DF065AF3197/overview];[74834DBF-72DD-4812-B975-AEB978C0CE49|https://www.familysearch.org/indexing/admin-new/#/projects/442A1FDA-47B0-43B9-A3C2-D03DFF43121D/manage/74834DBF-72DD-4812-B975-AEB978C0CE49/batches/list] \\ [74834DBF-72DD-4812-B975-AEB978C0CE49|https://www.familysearch.org/indexing/admin-new/#/projects/DADEBF06-0A4C-41FA-BAFD-4DF065AF3197/manage/74834DBF-72DD-4812-B975-AEB978C0CE49/batches/list];READY_FOR_DELIVERY \\ READY_FOR_DELIVERY;
007760159;15-0409: England, Warwickshire Parish Registers, part 4, 1538-1963 - FSI \\ 15-0409: England, Warwickshire Parish Registers, part 4, 1538-1963 - FSI;[UK, England, Warwickshire—Parish Registers, Marriages, 1754–1960 \[Part 4\]|https://www.familysearch.org/indexing/admin-new/#/projects/442A1FDA-47B0-43B9-A3C2-D03DFF43121D/overview];;[UK, England, Warwickshire—Parish Registers, Marriages, 1754–1960 \[Part 4\]|https://www.familysearch.org/indexing/admin-new/#/projects/442A1FDA-47B0-43B9-A3C2-D03DFF43121D/overview] \\ [UK, England, Warwickshire—Parish Registers, Marriages, 1754–1960 \[Part 5\]|https://www.familysearch.org/indexing/admin-new/#/projects/DADEBF06-0A4C-41FA-BAFD-4DF065AF3197/overview];[B5376E62-F9E7-410E-9D2C-4D242AE2339C|https://www.familysearch.org/indexing/admin-new/#/projects/442A1FDA-47B0-43B9-A3C2-D03DFF43121D/manage/B5376E62-F9E7-410E-9D2C-4D242AE2339C/batches/list] \\ [B5376E62-F9E7-410E-9D2C-4D242AE2339C|https://www.familysearch.org/indexing/admin-new/#/projects/DADEBF06-0A4C-41FA-BAFD-4DF065AF3197/manage/B5376E62-F9E7-410E-9D2C-4D242AE2339C/batches/list];READY_FOR_DELIVERY \\ READY_FOR_DELIVERY;
007760160;15-0409: England, Warwickshire Parish Registers, part 4, 1538-1963 - FSI \\ 15-0409: England, Warwickshire Parish Registers, part 4, 1538-1963 - FSI;[UK, England, Warwickshire—Parish Registers, Marriages, 1754–1960 \[Part 4\]|https://www.familysearch.org/indexing/admin-new/#/projects/442A1FDA-47B0-43B9-A3C2-D03DFF43121D/overview];;[UK, England, Warwickshire—Parish Registers, Marriages, 1754–1960 \[Part 4\]|https://www.familysearch.org/indexing/admin-new/#/projects/442A1FDA-47B0-43B9-A3C2-D03DFF43121D/overview] \\ [UK, England, Warwickshire—Parish Registers, Marriages, 1754–1960 \[Part 5\]|https://www.familysearch.org/indexing/admin-new/#/projects/DADEBF06-0A4C-41FA-BAFD-4DF065AF3197/overview];[8D296F58-98C9-4619-B3D0-F57EE60B527B|https://www.familysearch.org/indexing/admin-new/#/projects/442A1FDA-47B0-43B9-A3C2-D03DFF43121D/manage/8D296F58-98C9-4619-B3D0-F57EE60B527B/batches/list] \\ [8D296F58-98C9-4619-B3D0-F57EE60B527B|https://www.familysearch.org/indexing/admin-new/#/projects/DADEBF06-0A4C-41FA-BAFD-4DF065AF3197/manage/8D296F58-98C9-4619-B3D0-F57EE60B527B/batches/list];READY_FOR_DELIVERY \\ READY_FOR_DELIVERY;
007760161;15-0409: England, Warwickshire Parish Registers, part 4, 1538-1963 - FSI \\ 15-0409: England, Warwickshire Parish Registers, part 4, 1538-1963 - FSI;[UK, England, Warwickshire—Parish Registers, Marriages, 1754–1960 \[Part 4\]|https://www.familysearch.org/indexing/admin-new/#/projects/442A1FDA-47B0-43B9-A3C2-D03DFF43121D/overview];;[UK, England, Warwickshire—Parish Registers, Marriages, 1754–1960 \[Part 4\]|https://www.familysearch.org/indexing/admin-new/#/projects/442A1FDA-47B0-43B9-A3C2-D03DFF43121D/overview] \\ [UK, England, Warwickshire—Parish Registers, Marriages, 1754–1960 \[Part 5\]|https://www.familysearch.org/indexing/admin-new/#/projects/DADEBF06-0A4C-41FA-BAFD-4DF065AF3197/overview];[1717CDBC-5C64-43AA-A8BF-F2BE92BA181E|https://www.familysearch.org/indexing/admin-new/#/projects/442A1FDA-47B0-43B9-A3C2-D03DFF43121D/manage/1717CDBC-5C64-43AA-A8BF-F2BE92BA181E/batches/list] \\ [1717CDBC-5C64-43AA-A8BF-F2BE92BA181E|https://www.familysearch.org/indexing/admin-new/#/projects/DADEBF06-0A4C-41FA-BAFD-4DF065AF3197/manage/1717CDBC-5C64-43AA-A8BF-F2BE92BA181E/batches/list];READY_FOR_DELIVERY \\ READY_FOR_DELIVERY;
007760162;15-0409: England, Warwickshire Parish Registers, part 4, 1538-1963 - FSI \\ 15-0409: England, Warwickshire Parish Registers, part 4, 1538-1963 - FSI;[UK, England, Warwickshire—Parish Registers, Marriages, 1754–1960 \[Part 4\]|https://www.familysearch.org/indexing/admin-new/#/projects/442A1FDA-47B0-43B9-A3C2-D03DFF43121D/overview];;[UK, England, Warwickshire—Parish Registers, Marriages, 1754–1960 \[Part 4\]|https://www.familysearch.org/indexing/admin-new/#/projects/442A1FDA-47B0-43B9-A3C2-D03DFF43121D/overview] \\ [UK, England, Warwickshire—Parish Registers, Marriages, 1754–1960 \[Part 5\]|https://www.familysearch.org/indexing/admin-new/#/projects/DADEBF06-0A4C-41FA-BAFD-4DF065AF3197/overview];[3E61B73E-BB5A-4C22-8B04-765CBBC68779|https://www.familysearch.org/indexing/admin-new/#/projects/442A1FDA-47B0-43B9-A3C2-D03DFF43121D/manage/3E61B73E-BB5A-4C22-8B04-765CBBC68779/batches/list] \\ [3E61B73E-BB5A-4C22-8B04-765CBBC68779|https://www.familysearch.org/indexing/admin-new/#/projects/DADEBF06-0A4C-41FA-BAFD-4DF065AF3197/manage/3E61B73E-BB5A-4C22-8B04-765CBBC68779/batches/list];READY_FOR_DELIVERY \\ READY_FOR_DELIVERY;
007760163;15-0409: England, Warwickshire Parish Registers, part 4, 1538-1963 - FSI \\ 15-0409: England, Warwickshire Parish Registers, part 4, 1538-1963 - FSI;[UK, England, Warwickshire—Parish Registers, Marriages, 1754–1960 \[Part 4\]|https://www.familysearch.org/indexing/admin-new/#/projects/442A1FDA-47B0-43B9-A3C2-D03DFF43121D/overview];;[UK, England, Warwickshire—Parish Registers, Marriages, 1754–1960 \[Part 4\]|https://www.familysearch.org/indexing/admin-new/#/projects/442A1FDA-47B0-43B9-A3C2-D03DFF43121D/overview] \\ [UK, England, Warwickshire—Parish Registers, Marriages, 1754–1960 \[Part 5\]|https://www.familysearch.org/indexing/admin-new/#/projects/DADEBF06-0A4C-41FA-BAFD-4DF065AF3197/overview];[0FA26E2C-AD71-45C0-B811-F7FD037204E2|https://www.familysearch.org/indexing/admin-new/#/projects/442A1FDA-47B0-43B9-A3C2-D03DFF43121D/manage/0FA26E2C-AD71-45C0-B811-F7FD037204E2/batches/list] \\ [0FA26E2C-AD71-45C0-B811-F7FD037204E2|https://www.familysearch.org/indexing/admin-new/#/projects/DADEBF06-0A4C-41FA-BAFD-4DF065AF3197/manage/0FA26E2C-AD71-45C0-B811-F7FD037204E2/batches/list];READY_FOR_DELIVERY \\ READY_FOR_DELIVERY;
007760164;15-0409: England, Warwickshire Parish Registers, part 4, 1538-1963 - FSI \\ 15-0409: England, Warwickshire Parish Registers, part 4, 1538-1963 - FSI;[UK, England, Warwickshire—Parish Registers, Marriages, 1754–1960 \[Part 4\]|https://www.familysearch.org/indexing/admin-new/#/projects/442A1FDA-47B0-43B9-A3C2-D03DFF43121D/overview];;[UK, England, Warwickshire—Parish Registers, Marriages, 1754–1960 \[Part 4\]|https://www.familysearch.org/indexing/admin-new/#/projects/442A1FDA-47B0-43B9-A3C2-D03DFF43121D/overview] \\ [UK, England, Warwickshire—Parish Registers, Marriages, 1754–1960 \[Part 5\]|https://www.familysearch.org/indexing/admin-new/#/projects/DADEBF06-0A4C-41FA-BAFD-4DF065AF3197/overview];[18085CCD-CDBD-4CA0-9ED6-F91BBD30C220|https://www.familysearch.org/indexing/admin-new/#/projects/442A1FDA-47B0-43B9-A3C2-D03DFF43121D/manage/18085CCD-CDBD-4CA0-9ED6-F91BBD30C220/batches/list] \\ [18085CCD-CDBD-4CA0-9ED6-F91BBD30C220|https://www.familysearch.org/indexing/admin-new/#/projects/DADEBF06-0A4C-41FA-BAFD-4DF065AF3197/manage/18085CCD-CDBD-4CA0-9ED6-F91BBD30C220/batches/list];READY_FOR_DELIVERY \\ READY_FOR_DELIVERY;
007760165;15-0409: England, Warwickshire Parish Registers, part 4, 1538-1963 - FSI \\ 15-0409: England, Warwickshire Parish Registers, part 4, 1538-1963 - FSI;[UK, England, Warwickshire—Parish Registers, Marriages, 1754–1960 \[Part 4\]|https://www.familysearch.org/indexing/admin-new/#/projects/442A1FDA-47B0-43B9-A3C2-D03DFF43121D/overview];;[UK, England, Warwickshire—Parish Registers, Marriages, 1754–1960 \[Part 4\]|https://www.familysearch.org/indexing/admin-new/#/projects/442A1FDA-47B0-43B9-A3C2-D03DFF43121D/overview] \\ [UK, England, Warwickshire—Parish Registers, Marriages, 1754–1960 \[Part 5\]|https://www.familysearch.org/indexing/admin-new/#/projects/DADEBF06-0A4C-41FA-BAFD-4DF065AF3197/overview];[FAEED63D-B9F4-4E06-8DE1-BA7C456F82EA|https://www.familysearch.org/indexing/admin-new/#/projects/442A1FDA-47B0-43B9-A3C2-D03DFF43121D/manage/FAEED63D-B9F4-4E06-8DE1-BA7C456F82EA/batches/list] \\ [FAEED63D-B9F4-4E06-8DE1-BA7C456F82EA|https://www.familysearch.org/indexing/admin-new/#/projects/DADEBF06-0A4C-41FA-BAFD-4DF065AF3197/manage/FAEED63D-B9F4-4E06-8DE1-BA7C456F82EA/batches/list];READY_FOR_DELIVERY \\ READY_FOR_DELIVERY;
007760166;15-0409: England, Warwickshire Parish Registers, part 4, 1538-1963 - FSI \\ 15-0409: England, Warwickshire Parish Registers, part 4, 1538-1963 - FSI;[UK, England, Warwickshire—Parish Registers, Marriages, 1754–1960 \[Part 4\]|https://www.familysearch.org/indexing/admin-new/#/projects/442A1FDA-47B0-43B9-A3C2-D03DFF43121D/overview];;[UK, England, Warwickshire—Parish Registers, Marriages, 1754–1960 \[Part 4\]|https://www.familysearch.org/indexing/admin-new/#/projects/442A1FDA-47B0-43B9-A3C2-D03DFF43121D/overview] \\ [UK, England, Warwickshire—Parish Registers, Marriages, 1754–1960 \[Part 5\]|https://www.familysearch.org/indexing/admin-new/#/projects/DADEBF06-0A4C-41FA-BAFD-4DF065AF3197/overview];[06774840-5E39-4D0A-ABDC-412FF71F3834|https://www.familysearch.org/indexing/admin-new/#/projects/442A1FDA-47B0-43B9-A3C2-D03DFF43121D/manage/06774840-5E39-4D0A-ABDC-412FF71F3834/batches/list] \\ [06774840-5E39-4D0A-ABDC-412FF71F3834|https://www.familysearch.org/indexing/admin-new/#/projects/DADEBF06-0A4C-41FA-BAFD-4DF065AF3197/manage/06774840-5E39-4D0A-ABDC-412FF71F3834/batches/list];READY_FOR_DELIVERY \\ READY_FOR_DELIVERY;
007760167;15-0409: England, Warwickshire Parish Registers, part 4, 1538-1963 - FSI \\ 15-0409: England, Warwickshire Parish Registers, part 4, 1538-1963 - FSI;[UK, England, Warwickshire—Parish Registers, Marriages, 1754–1960 \[Part 4\]|https://www.familysearch.org/indexing/admin-new/#/projects/442A1FDA-47B0-43B9-A3C2-D03DFF43121D/overview];;[UK, England, Warwickshire—Parish Registers, Marriages, 1754–1960 \[Part 4\]|https://www.familysearch.org/indexing/admin-new/#/projects/442A1FDA-47B0-43B9-A3C2-D03DFF43121D/overview] \\ [UK, England, Warwickshire—Parish Registers, Marriages, 1754–1960 \[Part 5\]|https://www.familysearch.org/indexing/admin-new/#/projects/DADEBF06-0A4C-41FA-BAFD-4DF065AF3197/overview];[C345EFB7-FC1F-44EB-B466-BE1351853F23|https://www.familysearch.org/indexing/admin-new/#/projects/442A1FDA-47B0-43B9-A3C2-D03DFF43121D/manage/C345EFB7-FC1F-44EB-B466-BE1351853F23/batches/list] \\ [C345EFB7-FC1F-44EB-B466-BE1351853F23|https://www.familysearch.org/indexing/admin-new/#/projects/DADEBF06-0A4C-41FA-BAFD-4DF065AF3197/manage/C345EFB7-FC1F-44EB-B466-BE1351853F23/batches/list];READY_FOR_DELIVERY \\ READY_FOR_DELIVERY;
007760168;15-0409: England, Warwickshire Parish Registers, part 4, 1538-1963 - FSI \\ 15-0409: England, Warwickshire Parish Registers, part 4, 1538-1963 - FSI;[UK, England, Warwickshire—Parish Registers, Marriages, 1754–1960 \[Part 4\]|https://www.familysearch.org/indexing/admin-new/#/projects/442A1FDA-47B0-43B9-A3C2-D03DFF43121D/overview];;[UK, England, Warwickshire—Parish Registers, Marriages, 1754–1960 \[Part 4\]|https://www.familysearch.org/indexing/admin-new/#/projects/442A1FDA-47B0-43B9-A3C2-D03DFF43121D/overview] \\ [UK, England, Warwickshire—Parish Registers, Marriages, 1754–1960 \[Part 5\]|https://www.familysearch.org/indexing/admin-new/#/projects/DADEBF06-0A4C-41FA-BAFD-4DF065AF3197/overview];[28D85EBE-545B-46D4-AA85-0FE2754006D1|https://www.familysearch.org/indexing/admin-new/#/projects/442A1FDA-47B0-43B9-A3C2-D03DFF43121D/manage/28D85EBE-545B-46D4-AA85-0FE2754006D1/batches/list] \\ [28D85EBE-545B-46D4-AA85-0FE2754006D1|https://www.familysearch.org/indexing/admin-new/#/projects/DADEBF06-0A4C-41FA-BAFD-4DF065AF3197/manage/28D85EBE-545B-46D4-AA85-0FE2754006D1/batches/list];READY_FOR_DELIVERY \\ READY_FOR_DELIVERY;
007760169;15-0409: England, Warwickshire Parish Registers, part 4, 1538-1963 - FSI \\ 15-0409: England, Warwickshire Parish Registers, part 4, 1538-1963 - FSI;[UK, England, Warwickshire—Parish Registers, Marriages, 1754–1960 \[Part 4\]|https://www.familysearch.org/indexing/admin-new/#/projects/442A1FDA-47B0-43B9-A3C2-D03DFF43121D/overview];;[UK, England, Warwickshire—Parish Registers, Marriages, 1754–1960 \[Part 4\]|https://www.familysearch.org/indexing/admin-new/#/projects/442A1FDA-47B0-43B9-A3C2-D03DFF43121D/overview] \\ [UK, England, Warwickshire—Parish Registers, Marriages, 1754–1960 \[Part 5\]|https://www.familysearch.org/indexing/admin-new/#/projects/DADEBF06-0A4C-41FA-BAFD-4DF065AF3197/overview];[EE3BA697-6FF2-4BDB-98B5-D2E235FE0281|https://www.familysearch.org/indexing/admin-new/#/projects/442A1FDA-47B0-43B9-A3C2-D03DFF43121D/manage/EE3BA697-6FF2-4BDB-98B5-D2E235FE0281/batches/list] \\ [EE3BA697-6FF2-4BDB-98B5-D2E235FE0281|https://www.familysearch.org/indexing/admin-new/#/projects/DADEBF06-0A4C-41FA-BAFD-4DF065AF3197/manage/EE3BA697-6FF2-4BDB-98B5-D2E235FE0281/batches/list];READY_FOR_DELIVERY \\ READY_FOR_DELIVERY;
007760170;15-0409: England, Warwickshire Parish Registers, part 4, 1538-1963 - FSI \\ 15-0409: England, Warwickshire Parish Registers, part 4, 1538-1963 - FSI;[UK, England, Warwickshire—Parish Registers, Marriages, 1754–1960 \[Part 4\]|https://www.familysearch.org/indexing/admin-new/#/projects/442A1FDA-47B0-43B9-A3C2-D03DFF43121D/overview];;[UK, England, Warwickshire—Parish Registers, Marriages, 1754–1960 \[Part 4\]|https://www.familysearch.org/indexing/admin-new/#/projects/442A1FDA-47B0-43B9-A3C2-D03DFF43121D/overview] \\ [UK, England, Warwickshire—Parish Registers, Marriages, 1754–1960 \[Part 5\]|https://www.familysearch.org/indexing/admin-new/#/projects/DADEBF06-0A4C-41FA-BAFD-4DF065AF3197/overview];[7D4E1A92-D13C-4EDE-904D-7D15A3AE98E6|https://www.familysearch.org/indexing/admin-new/#/projects/442A1FDA-47B0-43B9-A3C2-D03DFF43121D/manage/7D4E1A92-D13C-4EDE-904D-7D15A3AE98E6/batches/list] \\ [7D4E1A92-D13C-4EDE-904D-7D15A3AE98E6|https://www.familysearch.org/indexing/admin-new/#/projects/DADEBF06-0A4C-41FA-BAFD-4DF065AF3197/manage/7D4E1A92-D13C-4EDE-904D-7D15A3AE98E6/batches/list];READY_FOR_DELIVERY \\ READY_FOR_DELIVERY;
007760172;15-0409: England, Warwickshire Parish Registers, part 4, 1538-1963 - FSI \\ 15-0409: England, Warwickshire Parish Registers, part 4, 1538-1963 - FSI;[UK, England, Warwickshire—Parish Registers, Marriages, 1754–1960 \[Part 4\]|https://www.familysearch.org/indexing/admin-new/#/projects/442A1FDA-47B0-43B9-A3C2-D03DFF43121D/overview];;[UK, England, Warwickshire—Parish Registers, Marriages, 1754–1960 \[Part 4\]|https://www.familysearch.org/indexing/admin-new/#/projects/442A1FDA-47B0-43B9-A3C2-D03DFF43121D/overview] \\ [UK, England, Warwickshire—Parish Registers, Marriages, 1754–1960 \[Part 5\]|https://www.familysearch.org/indexing/admin-new/#/projects/DADEBF06-0A4C-41FA-BAFD-4DF065AF3197/overview];[8B97A517-1F5E-4712-B4A6-4C57997D55BA|https://www.familysearch.org/indexing/admin-new/#/projects/442A1FDA-47B0-43B9-A3C2-D03DFF43121D/manage/8B97A517-1F5E-4712-B4A6-4C57997D55BA/batches/list] \\ [8B97A517-1F5E-4712-B4A6-4C57997D55BA|https://www.familysearch.org/indexing/admin-new/#/projects/DADEBF06-0A4C-41FA-BAFD-4DF065AF3197/manage/8B97A517-1F5E-4712-B4A6-4C57997D55BA/batches/list];READY_FOR_DELIVERY \\ READY_FOR_DELIVERY;
007760173;15-0409: England, Warwickshire Parish Registers, part 4, 1538-1963 - FSI \\ 15-0409: England, Warwickshire Parish Registers, part 4, 1538-1963 - FSI;[UK, England, Warwickshire—Parish Registers, Marriages, 1754–1960 \[Part 4\]|https://www.familysearch.org/indexing/admin-new/#/projects/442A1FDA-47B0-43B9-A3C2-D03DFF43121D/overview];;[UK, England, Warwickshire—Parish Registers, Marriages, 1754–1960 \[Part 4\]|https://www.familysearch.org/indexing/admin-new/#/projects/442A1FDA-47B0-43B9-A3C2-D03DFF43121D/overview] \\ [UK, England, Warwickshire—Parish Registers, Marriages, 1754–1960 \[Part 5\]|https://www.familysearch.org/indexing/admin-new/#/projects/DADEBF06-0A4C-41FA-BAFD-4DF065AF3197/overview];[3AE873E3-2002-48EB-9E6E-307A5B3CF91B|https://www.familysearch.org/indexing/admin-new/#/projects/442A1FDA-47B0-43B9-A3C2-D03DFF43121D/manage/3AE873E3-2002-48EB-9E6E-307A5B3CF91B/batches/list] \\ [3AE873E3-2002-48EB-9E6E-307A5B3CF91B|https://www.familysearch.org/indexing/admin-new/#/projects/DADEBF06-0A4C-41FA-BAFD-4DF065AF3197/manage/3AE873E3-2002-48EB-9E6E-307A5B3CF91B/batches/list];READY_FOR_DELIVERY \\ READY_FOR_DELIVERY;
007760174;15-0409: England, Warwickshire Parish Registers, part 4, 1538-1963 - FSI \\ 15-0409: England, Warwickshire Parish Registers, part 4, 1538-1963 - FSI;[UK, England, Warwickshire—Parish Registers, Marriages, 1754–1960 \[Part 4\]|https://www.familysearch.org/indexing/admin-new/#/projects/442A1FDA-47B0-43B9-A3C2-D03DFF43121D/overview];;[UK, England, Warwickshire—Parish Registers, Marriages, 1754–1960 \[Part 4\]|https://www.familysearch.org/indexing/admin-new/#/projects/442A1FDA-47B0-43B9-A3C2-D03DFF43121D/overview] \\ [UK, England, Warwickshire—Parish Registers, Marriages, 1754–1960 \[Part 5\]|https://www.familysearch.org/indexing/admin-new/#/projects/DADEBF06-0A4C-41FA-BAFD-4DF065AF3197/overview];[D286F9AD-207F-46A0-9BBF-1E8BF9981149|https://www.familysearch.org/indexing/admin-new/#/projects/442A1FDA-47B0-43B9-A3C2-D03DFF43121D/manage/D286F9AD-207F-46A0-9BBF-1E8BF9981149/batches/list] \\ [D286F9AD-207F-46A0-9BBF-1E8BF9981149|https://www.familysearch.org/indexing/admin-new/#/projects/DADEBF06-0A4C-41FA-BAFD-4DF065AF3197/manage/D286F9AD-207F-46A0-9BBF-1E8BF9981149/batches/list];READY_FOR_DELIVERY \\ READY_FOR_DELIVERY;
007760175;15-0409: England, Warwickshire Parish Registers, part 4, 1538-1963 - FSI \\ 15-0409: England, Warwickshire Parish Registers, part 4, 1538-1963 - FSI;[UK, England, Warwickshire—Parish Registers, Marriages, 1754–1960 \[Part 4\]|https://www.familysearch.org/indexing/admin-new/#/projects/442A1FDA-47B0-43B9-A3C2-D03DFF43121D/overview];;[UK, England, Warwickshire—Parish Registers, Marriages, 1754–1960 \[Part 4\]|https://www.familysearch.org/indexing/admin-new/#/projects/442A1FDA-47B0-43B9-A3C2-D03DFF43121D/overview] \\ [UK, England, Warwickshire—Parish Registers, Marriages, 1754–1960 \[Part 5\]|https://www.familysearch.org/indexing/admin-new/#/projects/DADEBF06-0A4C-41FA-BAFD-4DF065AF3197/overview];[96E52819-9A6D-4300-B949-7C530C42D64B|https://www.familysearch.org/indexing/admin-new/#/projects/442A1FDA-47B0-43B9-A3C2-D03DFF43121D/manage/96E52819-9A6D-4300-B949-7C530C42D64B/batches/list] \\ [96E52819-9A6D-4300-B949-7C530C42D64B|https://www.familysearch.org/indexing/admin-new/#/projects/DADEBF06-0A4C-41FA-BAFD-4DF065AF3197/manage/96E52819-9A6D-4300-B949-7C530C42D64B/batches/list];READY_FOR_DELIVERY \\ READY_FOR_DELIVERY;
007760176;15-0409: England, Warwickshire Parish Registers, part 4, 1538-1963 - FSI \\ 15-0409: England, Warwickshire Parish Registers, part 4, 1538-1963 - FSI;[UK, England, Warwickshire—Parish Registers, Marriages, 1754–1960 \[Part 4\]|https://www.familysearch.org/indexing/admin-new/#/projects/442A1FDA-47B0-43B9-A3C2-D03DFF43121D/overview];;[UK, England, Warwickshire—Parish Registers, Marriages, 1754–1960 \[Part 4\]|https://www.familysearch.org/indexing/admin-new/#/projects/442A1FDA-47B0-43B9-A3C2-D03DFF43121D/overview] \\ [UK, England, Warwickshire—Parish Registers, Marriages, 1754–1960 \[Part 5\]|https://www.familysearch.org/indexing/admin-new/#/projects/DADEBF06-0A4C-41FA-BAFD-4DF065AF3197/overview];[EBE16DCB-2427-49C1-A395-968C7B85D02D|https://www.familysearch.org/indexing/admin-new/#/projects/442A1FDA-47B0-43B9-A3C2-D03DFF43121D/manage/EBE16DCB-2427-49C1-A395-968C7B85D02D/batches/list] \\ [EBE16DCB-2427-49C1-A395-968C7B85D02D|https://www.familysearch.org/indexing/admin-new/#/projects/DADEBF06-0A4C-41FA-BAFD-4DF065AF3197/manage/EBE16DCB-2427-49C1-A395-968C7B85D02D/batches/list];READY_FOR_DELIVERY \\ READY_FOR_DELIVERY;
007760177;15-0409: England, Warwickshire Parish Registers, part 4, 1538-1963 - FSI \\ 15-0409: England, Warwickshire Parish Registers, part 4, 1538-1963 - FSI;[UK, England, Warwickshire—Parish Registers, Marriages, 1754–1960 \[Part 4\]|https://www.familysearch.org/indexing/admin-new/#/projects/442A1FDA-47B0-43B9-A3C2-D03DFF43121D/overview];;[UK, England, Warwickshire—Parish Registers, Marriages, 1754–1960 \[Part 4\]|https://www.familysearch.org/indexing/admin-new/#/projects/442A1FDA-47B0-43B9-A3C2-D03DFF43121D/overview] \\ [UK, England, Warwickshire—Parish Registers, Marriages, 1754–1960 \[Part 5\]|https://www.familysearch.org/indexing/admin-new/#/projects/DADEBF06-0A4C-41FA-BAFD-4DF065AF3197/overview];[F3BBD2A2-B06B-405F-AE1E-FF6CDBC4E826|https://www.familysearch.org/indexing/admin-new/#/projects/442A1FDA-47B0-43B9-A3C2-D03DFF43121D/manage/F3BBD2A2-B06B-405F-AE1E-FF6CDBC4E826/batches/list] \\ [F3BBD2A2-B06B-405F-AE1E-FF6CDBC4E826|https://www.familysearch.org/indexing/admin-new/#/projects/DADEBF06-0A4C-41FA-BAFD-4DF065AF3197/manage/F3BBD2A2-B06B-405F-AE1E-FF6CDBC4E826/batches/list];READY_FOR_DELIVERY \\ READY_FOR_DELIVERY;
007760178;15-0409: England, Warwickshire Parish Registers, part 4, 1538-1963 - FSI \\ 15-0409: England, Warwickshire Parish Registers, part 4, 1538-1963 - FSI;[UK, England, Warwickshire—Parish Registers, Marriages, 1754–1960 \[Part 4\]|https://www.familysearch.org/indexing/admin-new/#/projects/442A1FDA-47B0-43B9-A3C2-D03DFF43121D/overview];;[UK, England, Warwickshire—Parish Registers, Marriages, 1754–1960 \[Part 4\]|https://www.familysearch.org/indexing/admin-new/#/projects/442A1FDA-47B0-43B9-A3C2-D03DFF43121D/overview] \\ [UK, England, Warwickshire—Parish Registers, Marriages, 1754–1960 \[Part 5\]|https://www.familysearch.org/indexing/admin-new/#/projects/DADEBF06-0A4C-41FA-BAFD-4DF065AF3197/overview];[778DA82E-760B-490B-BDA2-54E3923924A5|https://www.familysearch.org/indexing/admin-new/#/projects/442A1FDA-47B0-43B9-A3C2-D03DFF43121D/manage/778DA82E-760B-490B-BDA2-54E3923924A5/batches/list] \\ [778DA82E-760B-490B-BDA2-54E3923924A5|https://www.familysearch.org/indexing/admin-new/#/projects/DADEBF06-0A4C-41FA-BAFD-4DF065AF3197/manage/778DA82E-760B-490B-BDA2-54E3923924A5/batches/list];READY_FOR_DELIVERY \\ READY_FOR_DELIVERY;
007760179;15-0409: England, Warwickshire Parish Registers, part 4, 1538-1963 - FSI \\ 15-0409: England, Warwickshire Parish Registers, part 4, 1538-1963 - FSI;[UK, England, Warwickshire—Parish Registers, Marriages, 1754–1960 \[Part 4\]|https://www.familysearch.org/indexing/admin-new/#/projects/442A1FDA-47B0-43B9-A3C2-D03DFF43121D/overview];;[UK, England, Warwickshire—Parish Registers, Marriages, 1754–1960 \[Part 4\]|https://www.familysearch.org/indexing/admin-new/#/projects/442A1FDA-47B0-43B9-A3C2-D03DFF43121D/overview] \\ [UK, England, Warwickshire—Parish Registers, Marriages, 1754–1960 \[Part 5\]|https://www.familysearch.org/indexing/admin-new/#/projects/DADEBF06-0A4C-41FA-BAFD-4DF065AF3197/overview];[03641973-EB09-4EA2-9C0A-0F23C5FD73A0|https://www.familysearch.org/indexing/admin-new/#/projects/442A1FDA-47B0-43B9-A3C2-D03DFF43121D/manage/03641973-EB09-4EA2-9C0A-0F23C5FD73A0/batches/list] \\ [03641973-EB09-4EA2-9C0A-0F23C5FD73A0|https://www.familysearch.org/indexing/admin-new/#/projects/DADEBF06-0A4C-41FA-BAFD-4DF065AF3197/manage/03641973-EB09-4EA2-9C0A-0F23C5FD73A0/batches/list];READY_FOR_DELIVERY \\ READY_FOR_DELIVERY;
007760180;15-0409: England, Warwickshire Parish Registers, part 4, 1538-1963 - FSI \\ 15-0409: England, Warwickshire Parish Registers, part 4, 1538-1963 - FSI;[UK, England, Warwickshire—Parish Registers, Marriages, 1754–1960 \[Part 4\]|https://www.familysearch.org/indexing/admin-new/#/projects/442A1FDA-47B0-43B9-A3C2-D03DFF43121D/overview];;[UK, England, Warwickshire—Parish Registers, Marriages, 1754–1960 \[Part 4\]|https://www.familysearch.org/indexing/admin-new/#/projects/442A1FDA-47B0-43B9-A3C2-D03DFF43121D/overview] \\ [UK, England, Warwickshire—Parish Registers, Marriages, 1754–1960 \[Part 5\]|https://www.familysearch.org/indexing/admin-new/#/projects/DADEBF06-0A4C-41FA-BAFD-4DF065AF3197/overview];[AE0C8ACE-AA34-4306-8363-A29D912D88FE|https://www.familysearch.org/indexing/admin-new/#/projects/442A1FDA-47B0-43B9-A3C2-D03DFF43121D/manage/AE0C8ACE-AA34-4306-8363-A29D912D88FE/batches/list] \\ [AE0C8ACE-AA34-4306-8363-A29D912D88FE|https://www.familysearch.org/indexing/admin-new/#/projects/DADEBF06-0A4C-41FA-BAFD-4DF065AF3197/manage/AE0C8ACE-AA34-4306-8363-A29D912D88FE/batches/list];READY_FOR_DELIVERY \\ READY_FOR_DELIVERY;
007760181;15-0409: England, Warwickshire Parish Registers, part 4, 1538-1963 - FSI \\ 15-0409: England, Warwickshire Parish Registers, part 4, 1538-1963 - FSI;[UK, England, Warwickshire—Parish Registers, Marriages, 1754–1960 \[Part 4\]|https://www.familysearch.org/indexing/admin-new/#/projects/442A1FDA-47B0-43B9-A3C2-D03DFF43121D/overview];;[UK, England, Warwickshire—Parish Registers, Marriages, 1754–1960 \[Part 4\]|https://www.familysearch.org/indexing/admin-new/#/projects/442A1FDA-47B0-43B9-A3C2-D03DFF43121D/overview] \\ [UK, England, Warwickshire—Parish Registers, Marriages, 1754–1960 \[Part 5\]|https://www.familysearch.org/indexing/admin-new/#/projects/DADEBF06-0A4C-41FA-BAFD-4DF065AF3197/overview];[E4643072-7A88-42FC-A916-B2DFDA50804F|https://www.familysearch.org/indexing/admin-new/#/projects/442A1FDA-47B0-43B9-A3C2-D03DFF43121D/manage/E4643072-7A88-42FC-A916-B2DFDA50804F/batches/list] \\ [E4643072-7A88-42FC-A916-B2DFDA50804F|https://www.familysearch.org/indexing/admin-new/#/projects/DADEBF06-0A4C-41FA-BAFD-4DF065AF3197/manage/E4643072-7A88-42FC-A916-B2DFDA50804F/batches/list];READY_FOR_DELIVERY \\ READY_FOR_DELIVERY;
007760182;15-0409: England, Warwickshire Parish Registers, part 4, 1538-1963 - FSI \\ 15-0409: England, Warwickshire Parish Registers, part 4, 1538-1963 - FSI;[UK, England, Warwickshire—Parish Registers, Marriages, 1754–1960 \[Part 4\]|https://www.familysearch.org/indexing/admin-new/#/projects/442A1FDA-47B0-43B9-A3C2-D03DFF43121D/overview];;[UK, England, Warwickshire—Parish Registers, Marriages, 1754–1960 \[Part 4\]|https://www.familysearch.org/indexing/admin-new/#/projects/442A1FDA-47B0-43B9-A3C2-D03DFF43121D/overview] \\ [UK, England, Warwickshire—Parish Registers, Marriages, 1754–1960 \[Part 5\]|https://www.familysearch.org/indexing/admin-new/#/projects/DADEBF06-0A4C-41FA-BAFD-4DF065AF3197/overview];[942EDE24-B95B-440E-90D3-603577601020|https://www.familysearch.org/indexing/admin-new/#/projects/442A1FDA-47B0-43B9-A3C2-D03DFF43121D/manage/942EDE24-B95B-440E-90D3-603577601020/batches/list] \\ [942EDE24-B95B-440E-90D3-603577601020|https://www.familysearch.org/indexing/admin-new/#/projects/DADEBF06-0A4C-41FA-BAFD-4DF065AF3197/manage/942EDE24-B95B-440E-90D3-603577601020/batches/list];READY_FOR_DELIVERY \\ READY_FOR_DELIVERY;
007760183;15-0409: England, Warwickshire Parish Registers, part 4, 1538-1963 - FSI \\ 15-0409: England, Warwickshire Parish Registers, part 4, 1538-1963 - FSI;[UK, England, Warwickshire—Parish Registers, Marriages, 1754–1960 \[Part 4\]|https://www.familysearch.org/indexing/admin-new/#/projects/442A1FDA-47B0-43B9-A3C2-D03DFF43121D/overview];;[UK, England, Warwickshire—Parish Registers, Marriages, 1754–1960 \[Part 4\]|https://www.familysearch.org/indexing/admin-new/#/projects/442A1FDA-47B0-43B9-A3C2-D03DFF43121D/overview] \\ [UK, England, Warwickshire—Parish Registers, Marriages, 1754–1960 \[Part 5\]|https://www.familysearch.org/indexing/admin-new/#/projects/DADEBF06-0A4C-41FA-BAFD-4DF065AF3197/overview];[34496AFA-0FAF-44EF-BBCA-501E89CA69BE|https://www.familysearch.org/indexing/admin-new/#/projects/442A1FDA-47B0-43B9-A3C2-D03DFF43121D/manage/34496AFA-0FAF-44EF-BBCA-501E89CA69BE/batches/list] \\ [34496AFA-0FAF-44EF-BBCA-501E89CA69BE|https://www.familysearch.org/indexing/admin-new/#/projects/DADEBF06-0A4C-41FA-BAFD-4DF065AF3197/manage/34496AFA-0FAF-44EF-BBCA-501E89CA69BE/batches/list];READY_FOR_DELIVERY \\ READY_FOR_DELIVERY;
007760184;15-0409: England, Warwickshire Parish Registers, part 4, 1538-1963 - FSI \\ 15-0409: England, Warwickshire Parish Registers, part 4, 1538-1963 - FSI;[UK, England, Warwickshire—Parish Registers, Marriages, 1754–1960 \[Part 4\]|https://www.familysearch.org/indexing/admin-new/#/projects/442A1FDA-47B0-43B9-A3C2-D03DFF43121D/overview];;[UK, England, Warwickshire—Parish Registers, Marriages, 1754–1960 \[Part 4\]|https://www.familysearch.org/indexing/admin-new/#/projects/442A1FDA-47B0-43B9-A3C2-D03DFF43121D/overview] \\ [UK, England, Warwickshire—Parish Registers, Marriages, 1754–1960 \[Part 5\]|https://www.familysearch.org/indexing/admin-new/#/projects/DADEBF06-0A4C-41FA-BAFD-4DF065AF3197/overview];[9256A065-D88B-456D-9637-67F14BF6542F|https://www.familysearch.org/indexing/admin-new/#/projects/442A1FDA-47B0-43B9-A3C2-D03DFF43121D/manage/9256A065-D88B-456D-9637-67F14BF6542F/batches/list] \\ [9256A065-D88B-456D-9637-67F14BF6542F|https://www.familysearch.org/indexing/admin-new/#/projects/DADEBF06-0A4C-41FA-BAFD-4DF065AF3197/manage/9256A065-D88B-456D-9637-67F14BF6542F/batches/list];READY_FOR_DELIVERY \\ READY_FOR_DELIVERY;
