Item;Item Type;Note;Item Link
ReportItem instance counts;;IMAGESET_NOT_ASSIGNED_TO_THIS_PROJECT_IN_ROSETTA: 237;
005873921 (D9C3152C-3167-41FC-9E1A-F5F84A4636A6);IMAGESET;IMAGESET_NOT_ASSIGNED_TO_THIS_PROJECT_IN_ROSETTA;[IMAGESET|https://www.familysearch.org/indexing/admin-new/#/projects/1E1B42AB-8068-4D60-A7A7-4D2665970562/manage/D9C3152C-3167-41FC-9E1A-F5F84A4636A6/batches/list]
005874568 (E88E9E7D-4C3B-4DA0-975B-7FEF22417DB7);IMAGESET;IMAGESET_NOT_ASSIGNED_TO_THIS_PROJECT_IN_ROSETTA;[IMAGESET|https://www.familysearch.org/indexing/admin-new/#/projects/1E1B42AB-8068-4D60-A7A7-4D2665970562/manage/E88E9E7D-4C3B-4DA0-975B-7FEF22417DB7/batches/list]
005873873 (988FBAC9-F828-487F-9EC2-EB78FCE16B1F);IMAGESET;IMAGESET_NOT_ASSIGNED_TO_THIS_PROJECT_IN_ROSETTA;[IMAGESET|https://www.familysearch.org/indexing/admin-new/#/projects/1E1B42AB-8068-4D60-A7A7-4D2665970562/manage/988FBAC9-F828-487F-9EC2-EB78FCE16B1F/batches/list]
005874622 (1A926E73-5F87-4ED6-84A9-FEB1E29A2A80);IMAGESET;IMAGESET_NOT_ASSIGNED_TO_THIS_PROJECT_IN_ROSETTA;[IMAGESET|https://www.familysearch.org/indexing/admin-new/#/projects/1E1B42AB-8068-4D60-A7A7-4D2665970562/manage/1A926E73-5F87-4ED6-84A9-FEB1E29A2A80/batches/list]
005874817 (6ADEE857-67F3-467F-9D18-1927073969B5);IMAGESET;IMAGESET_NOT_ASSIGNED_TO_THIS_PROJECT_IN_ROSETTA;[IMAGESET|https://www.familysearch.org/indexing/admin-new/#/projects/1E1B42AB-8068-4D60-A7A7-4D2665970562/manage/6ADEE857-67F3-467F-9D18-1927073969B5/batches/list]
005874830 (C575CDCC-D1D8-4462-965E-58E204A24453);IMAGESET;IMAGESET_NOT_ASSIGNED_TO_THIS_PROJECT_IN_ROSETTA;[IMAGESET|https://www.familysearch.org/indexing/admin-new/#/projects/1E1B42AB-8068-4D60-A7A7-4D2665970562/manage/C575CDCC-D1D8-4462-965E-58E204A24453/batches/list]
005873911 (12EC29A4-2E9D-432E-93D5-9727778C779E);IMAGESET;IMAGESET_NOT_ASSIGNED_TO_THIS_PROJECT_IN_ROSETTA;[IMAGESET|https://www.familysearch.org/indexing/admin-new/#/projects/1E1B42AB-8068-4D60-A7A7-4D2665970562/manage/12EC29A4-2E9D-432E-93D5-9727778C779E/batches/list]
005874783 (03256C56-0CC8-4371-B7B3-3466AD34C2D0);IMAGESET;IMAGESET_NOT_ASSIGNED_TO_THIS_PROJECT_IN_ROSETTA;[IMAGESET|https://www.familysearch.org/indexing/admin-new/#/projects/1E1B42AB-8068-4D60-A7A7-4D2665970562/manage/03256C56-0CC8-4371-B7B3-3466AD34C2D0/batches/list]
005876797 (39EE2326-E98A-41C3-AA89-E9969A941492);IMAGESET;IMAGESET_NOT_ASSIGNED_TO_THIS_PROJECT_IN_ROSETTA;[IMAGESET|https://www.familysearch.org/indexing/admin-new/#/projects/1E1B42AB-8068-4D60-A7A7-4D2665970562/manage/39EE2326-E98A-41C3-AA89-E9969A941492/batches/list]
005874824 (5C89D9BB-9D15-4C09-8490-234974FD2AAC);IMAGESET;IMAGESET_NOT_ASSIGNED_TO_THIS_PROJECT_IN_ROSETTA;[IMAGESET|https://www.familysearch.org/indexing/admin-new/#/projects/1E1B42AB-8068-4D60-A7A7-4D2665970562/manage/5C89D9BB-9D15-4C09-8490-234974FD2AAC/batches/list]
005874578 (0076104C-68E5-4EB6-86C8-117D21FDB370);IMAGESET;IMAGESET_NOT_ASSIGNED_TO_THIS_PROJECT_IN_ROSETTA;[IMAGESET|https://www.familysearch.org/indexing/admin-new/#/projects/1E1B42AB-8068-4D60-A7A7-4D2665970562/manage/0076104C-68E5-4EB6-86C8-117D21FDB370/batches/list]
005871089 (E40444F1-149A-49BE-924E-31993E01EE14);IMAGESET;IMAGESET_NOT_ASSIGNED_TO_THIS_PROJECT_IN_ROSETTA;[IMAGESET|https://www.familysearch.org/indexing/admin-new/#/projects/1E1B42AB-8068-4D60-A7A7-4D2665970562/manage/E40444F1-149A-49BE-924E-31993E01EE14/batches/list]
005874840 (D8163787-53C6-466C-A3F4-59EAC4E55083);IMAGESET;IMAGESET_NOT_ASSIGNED_TO_THIS_PROJECT_IN_ROSETTA;[IMAGESET|https://www.familysearch.org/indexing/admin-new/#/projects/1E1B42AB-8068-4D60-A7A7-4D2665970562/manage/D8163787-53C6-466C-A3F4-59EAC4E55083/batches/list]
005874555 (9438DAEC-6173-4027-A4EB-08D66C209DC5);IMAGESET;IMAGESET_NOT_ASSIGNED_TO_THIS_PROJECT_IN_ROSETTA;[IMAGESET|https://www.familysearch.org/indexing/admin-new/#/projects/1E1B42AB-8068-4D60-A7A7-4D2665970562/manage/9438DAEC-6173-4027-A4EB-08D66C209DC5/batches/list]
005874572 (35E49F5A-940A-4E0A-82C3-DDAD81BCEA3F);IMAGESET;IMAGESET_NOT_ASSIGNED_TO_THIS_PROJECT_IN_ROSETTA;[IMAGESET|https://www.familysearch.org/indexing/admin-new/#/projects/1E1B42AB-8068-4D60-A7A7-4D2665970562/manage/35E49F5A-940A-4E0A-82C3-DDAD81BCEA3F/batches/list]
005873932 (B925EABC-4804-4516-B1B9-4FB148251B62);IMAGESET;IMAGESET_NOT_ASSIGNED_TO_THIS_PROJECT_IN_ROSETTA;[IMAGESET|https://www.familysearch.org/indexing/admin-new/#/projects/1E1B42AB-8068-4D60-A7A7-4D2665970562/manage/B925EABC-4804-4516-B1B9-4FB148251B62/batches/list]
005874815 (6A87AB21-7B7F-4917-94AD-38F3558BB751);IMAGESET;IMAGESET_NOT_ASSIGNED_TO_THIS_PROJECT_IN_ROSETTA;[IMAGESET|https://www.familysearch.org/indexing/admin-new/#/projects/1E1B42AB-8068-4D60-A7A7-4D2665970562/manage/6A87AB21-7B7F-4917-94AD-38F3558BB751/batches/list]
005873912 (8F21B9F7-6366-4C5C-B7EE-98D10902B26E);IMAGESET;IMAGESET_NOT_ASSIGNED_TO_THIS_PROJECT_IN_ROSETTA;[IMAGESET|https://www.familysearch.org/indexing/admin-new/#/projects/1E1B42AB-8068-4D60-A7A7-4D2665970562/manage/8F21B9F7-6366-4C5C-B7EE-98D10902B26E/batches/list]
005874834 (DA16F6B4-AACF-4F36-8946-47674F79BD85);IMAGESET;IMAGESET_NOT_ASSIGNED_TO_THIS_PROJECT_IN_ROSETTA;[IMAGESET|https://www.familysearch.org/indexing/admin-new/#/projects/1E1B42AB-8068-4D60-A7A7-4D2665970562/manage/DA16F6B4-AACF-4F36-8946-47674F79BD85/batches/list]
005873895 (CCB2DCA7-A86B-4D19-A49E-5E8781B76A6F);IMAGESET;IMAGESET_NOT_ASSIGNED_TO_THIS_PROJECT_IN_ROSETTA;[IMAGESET|https://www.familysearch.org/indexing/admin-new/#/projects/1E1B42AB-8068-4D60-A7A7-4D2665970562/manage/CCB2DCA7-A86B-4D19-A49E-5E8781B76A6F/batches/list]
005874845 (EADBC670-E6AA-4F67-8379-C7A1BAC7282B);IMAGESET;IMAGESET_NOT_ASSIGNED_TO_THIS_PROJECT_IN_ROSETTA;[IMAGESET|https://www.familysearch.org/indexing/admin-new/#/projects/1E1B42AB-8068-4D60-A7A7-4D2665970562/manage/EADBC670-E6AA-4F67-8379-C7A1BAC7282B/batches/list]
005868273 (24A306CE-D201-4CA9-9E1D-2FD0D076F1E5);IMAGESET;IMAGESET_NOT_ASSIGNED_TO_THIS_PROJECT_IN_ROSETTA;[IMAGESET|https://www.familysearch.org/indexing/admin-new/#/projects/1E1B42AB-8068-4D60-A7A7-4D2665970562/manage/24A306CE-D201-4CA9-9E1D-2FD0D076F1E5/batches/list]
005874586 (A37D1055-5AC5-440A-85B6-A3499CAFF763);IMAGESET;IMAGESET_NOT_ASSIGNED_TO_THIS_PROJECT_IN_ROSETTA;[IMAGESET|https://www.familysearch.org/indexing/admin-new/#/projects/1E1B42AB-8068-4D60-A7A7-4D2665970562/manage/A37D1055-5AC5-440A-85B6-A3499CAFF763/batches/list]
005874789 (4B6D8591-38EC-4681-98D5-3D3CCFC4BD51);IMAGESET;IMAGESET_NOT_ASSIGNED_TO_THIS_PROJECT_IN_ROSETTA;[IMAGESET|https://www.familysearch.org/indexing/admin-new/#/projects/1E1B42AB-8068-4D60-A7A7-4D2665970562/manage/4B6D8591-38EC-4681-98D5-3D3CCFC4BD51/batches/list]
005876799 (D6281A48-21FA-4772-8710-34C8AA080498);IMAGESET;IMAGESET_NOT_ASSIGNED_TO_THIS_PROJECT_IN_ROSETTA;[IMAGESET|https://www.familysearch.org/indexing/admin-new/#/projects/1E1B42AB-8068-4D60-A7A7-4D2665970562/manage/D6281A48-21FA-4772-8710-34C8AA080498/batches/list]
005874609 (08252A5C-8891-4AE7-BBE3-82BBBF6B1B5F);IMAGESET;IMAGESET_NOT_ASSIGNED_TO_THIS_PROJECT_IN_ROSETTA;[IMAGESET|https://www.familysearch.org/indexing/admin-new/#/projects/1E1B42AB-8068-4D60-A7A7-4D2665970562/manage/08252A5C-8891-4AE7-BBE3-82BBBF6B1B5F/batches/list]
005873935 (BC3FC258-7E92-456B-A4BE-BD7C9357F1CA);IMAGESET;IMAGESET_NOT_ASSIGNED_TO_THIS_PROJECT_IN_ROSETTA;[IMAGESET|https://www.familysearch.org/indexing/admin-new/#/projects/1E1B42AB-8068-4D60-A7A7-4D2665970562/manage/BC3FC258-7E92-456B-A4BE-BD7C9357F1CA/batches/list]
005873913 (9554A1E4-1D32-44F9-A80A-CF72C0B501BB);IMAGESET;IMAGESET_NOT_ASSIGNED_TO_THIS_PROJECT_IN_ROSETTA;[IMAGESET|https://www.familysearch.org/indexing/admin-new/#/projects/1E1B42AB-8068-4D60-A7A7-4D2665970562/manage/9554A1E4-1D32-44F9-A80A-CF72C0B501BB/batches/list]
005876796 (A6EDF7DD-1B61-4326-9F61-B0EEE55A8777);IMAGESET;IMAGESET_NOT_ASSIGNED_TO_THIS_PROJECT_IN_ROSETTA;[IMAGESET|https://www.familysearch.org/indexing/admin-new/#/projects/1E1B42AB-8068-4D60-A7A7-4D2665970562/manage/A6EDF7DD-1B61-4326-9F61-B0EEE55A8777/batches/list]
005874559 (B1ECFF55-D357-417B-A920-7F8CEC7C49C8);IMAGESET;IMAGESET_NOT_ASSIGNED_TO_THIS_PROJECT_IN_ROSETTA;[IMAGESET|https://www.familysearch.org/indexing/admin-new/#/projects/1E1B42AB-8068-4D60-A7A7-4D2665970562/manage/B1ECFF55-D357-417B-A920-7F8CEC7C49C8/batches/list]
005876790 (63FEB805-EF71-41D6-88DC-9A247E989556);IMAGESET;IMAGESET_NOT_ASSIGNED_TO_THIS_PROJECT_IN_ROSETTA;[IMAGESET|https://www.familysearch.org/indexing/admin-new/#/projects/1E1B42AB-8068-4D60-A7A7-4D2665970562/manage/63FEB805-EF71-41D6-88DC-9A247E989556/batches/list]
005876795 (8C2B0239-F526-4556-ACF4-E83C9D706FBD);IMAGESET;IMAGESET_NOT_ASSIGNED_TO_THIS_PROJECT_IN_ROSETTA;[IMAGESET|https://www.familysearch.org/indexing/admin-new/#/projects/1E1B42AB-8068-4D60-A7A7-4D2665970562/manage/8C2B0239-F526-4556-ACF4-E83C9D706FBD/batches/list]
005874850 (A5307494-FDB7-4C71-A690-D6D2BB8B987B);IMAGESET;IMAGESET_NOT_ASSIGNED_TO_THIS_PROJECT_IN_ROSETTA;[IMAGESET|https://www.familysearch.org/indexing/admin-new/#/projects/1E1B42AB-8068-4D60-A7A7-4D2665970562/manage/A5307494-FDB7-4C71-A690-D6D2BB8B987B/batches/list]
005874616 (F4CCFA2F-1A21-4286-B2D0-8B0A4F35BB8D);IMAGESET;IMAGESET_NOT_ASSIGNED_TO_THIS_PROJECT_IN_ROSETTA;[IMAGESET|https://www.familysearch.org/indexing/admin-new/#/projects/1E1B42AB-8068-4D60-A7A7-4D2665970562/manage/F4CCFA2F-1A21-4286-B2D0-8B0A4F35BB8D/batches/list]
005874584 (0107FFC1-B5A5-4F39-9A6F-A4C8294149F5);IMAGESET;IMAGESET_NOT_ASSIGNED_TO_THIS_PROJECT_IN_ROSETTA;[IMAGESET|https://www.familysearch.org/indexing/admin-new/#/projects/1E1B42AB-8068-4D60-A7A7-4D2665970562/manage/0107FFC1-B5A5-4F39-9A6F-A4C8294149F5/batches/list]
005873922 (F37DF541-CAAC-421C-BD90-D861735F77BF);IMAGESET;IMAGESET_NOT_ASSIGNED_TO_THIS_PROJECT_IN_ROSETTA;[IMAGESET|https://www.familysearch.org/indexing/admin-new/#/projects/1E1B42AB-8068-4D60-A7A7-4D2665970562/manage/F37DF541-CAAC-421C-BD90-D861735F77BF/batches/list]
005874596 (62F377BA-38B4-455B-9238-9EBD46949AC7);IMAGESET;IMAGESET_NOT_ASSIGNED_TO_THIS_PROJECT_IN_ROSETTA;[IMAGESET|https://www.familysearch.org/indexing/admin-new/#/projects/1E1B42AB-8068-4D60-A7A7-4D2665970562/manage/62F377BA-38B4-455B-9238-9EBD46949AC7/batches/list]
005874847 (186908D4-C662-4026-8863-2D713CA07413);IMAGESET;IMAGESET_NOT_ASSIGNED_TO_THIS_PROJECT_IN_ROSETTA;[IMAGESET|https://www.familysearch.org/indexing/admin-new/#/projects/1E1B42AB-8068-4D60-A7A7-4D2665970562/manage/186908D4-C662-4026-8863-2D713CA07413/batches/list]
005874611 (EFA9B123-A61D-4C1E-A0E3-5F9958D957F0);IMAGESET;IMAGESET_NOT_ASSIGNED_TO_THIS_PROJECT_IN_ROSETTA;[IMAGESET|https://www.familysearch.org/indexing/admin-new/#/projects/1E1B42AB-8068-4D60-A7A7-4D2665970562/manage/EFA9B123-A61D-4C1E-A0E3-5F9958D957F0/batches/list]
005871093 (CFCFF6CD-D9FE-4772-B911-942D568D06B7);IMAGESET;IMAGESET_NOT_ASSIGNED_TO_THIS_PROJECT_IN_ROSETTA;[IMAGESET|https://www.familysearch.org/indexing/admin-new/#/projects/1E1B42AB-8068-4D60-A7A7-4D2665970562/manage/CFCFF6CD-D9FE-4772-B911-942D568D06B7/batches/list]
005874598 (E8748317-2B34-4379-B56C-E09B753A1F62);IMAGESET;IMAGESET_NOT_ASSIGNED_TO_THIS_PROJECT_IN_ROSETTA;[IMAGESET|https://www.familysearch.org/indexing/admin-new/#/projects/1E1B42AB-8068-4D60-A7A7-4D2665970562/manage/E8748317-2B34-4379-B56C-E09B753A1F62/batches/list]
005874602 (4ABD31C5-EAB3-464D-97FF-95D7AFE947B5);IMAGESET;IMAGESET_NOT_ASSIGNED_TO_THIS_PROJECT_IN_ROSETTA;[IMAGESET|https://www.familysearch.org/indexing/admin-new/#/projects/1E1B42AB-8068-4D60-A7A7-4D2665970562/manage/4ABD31C5-EAB3-464D-97FF-95D7AFE947B5/batches/list]
005873916 (64D34468-F162-4F9D-B155-01C20E6B7473);IMAGESET;IMAGESET_NOT_ASSIGNED_TO_THIS_PROJECT_IN_ROSETTA;[IMAGESET|https://www.familysearch.org/indexing/admin-new/#/projects/1E1B42AB-8068-4D60-A7A7-4D2665970562/manage/64D34468-F162-4F9D-B155-01C20E6B7473/batches/list]
005874836 (91DE1A92-7A80-4E3B-81A9-F71594796F6A);IMAGESET;IMAGESET_NOT_ASSIGNED_TO_THIS_PROJECT_IN_ROSETTA;[IMAGESET|https://www.familysearch.org/indexing/admin-new/#/projects/1E1B42AB-8068-4D60-A7A7-4D2665970562/manage/91DE1A92-7A80-4E3B-81A9-F71594796F6A/batches/list]
005873881 (2417941B-0E80-4538-ABC5-4B40C3BB1E02);IMAGESET;IMAGESET_NOT_ASSIGNED_TO_THIS_PROJECT_IN_ROSETTA;[IMAGESET|https://www.familysearch.org/indexing/admin-new/#/projects/1E1B42AB-8068-4D60-A7A7-4D2665970562/manage/2417941B-0E80-4538-ABC5-4B40C3BB1E02/batches/list]
005871092 (1763AB40-C726-41AD-A694-B5232BDB36DD);IMAGESET;IMAGESET_NOT_ASSIGNED_TO_THIS_PROJECT_IN_ROSETTA;[IMAGESET|https://www.familysearch.org/indexing/admin-new/#/projects/1E1B42AB-8068-4D60-A7A7-4D2665970562/manage/1763AB40-C726-41AD-A694-B5232BDB36DD/batches/list]
005873928 (97A4603F-BCE1-4C9C-A2EA-AB5E49C60E6E);IMAGESET;IMAGESET_NOT_ASSIGNED_TO_THIS_PROJECT_IN_ROSETTA;[IMAGESET|https://www.familysearch.org/indexing/admin-new/#/projects/1E1B42AB-8068-4D60-A7A7-4D2665970562/manage/97A4603F-BCE1-4C9C-A2EA-AB5E49C60E6E/batches/list]
005873892 (9B8967E8-2074-4366-B630-B55C0B39C2B8);IMAGESET;IMAGESET_NOT_ASSIGNED_TO_THIS_PROJECT_IN_ROSETTA;[IMAGESET|https://www.familysearch.org/indexing/admin-new/#/projects/1E1B42AB-8068-4D60-A7A7-4D2665970562/manage/9B8967E8-2074-4366-B630-B55C0B39C2B8/batches/list]
005874788 (8CDA69AC-7414-4DAF-8BB6-33F75B6F93B7);IMAGESET;IMAGESET_NOT_ASSIGNED_TO_THIS_PROJECT_IN_ROSETTA;[IMAGESET|https://www.familysearch.org/indexing/admin-new/#/projects/1E1B42AB-8068-4D60-A7A7-4D2665970562/manage/8CDA69AC-7414-4DAF-8BB6-33F75B6F93B7/batches/list]
005873924 (6A291998-5A9F-4137-83CD-2F1310BDEC1F);IMAGESET;IMAGESET_NOT_ASSIGNED_TO_THIS_PROJECT_IN_ROSETTA;[IMAGESET|https://www.familysearch.org/indexing/admin-new/#/projects/1E1B42AB-8068-4D60-A7A7-4D2665970562/manage/6A291998-5A9F-4137-83CD-2F1310BDEC1F/batches/list]
005873902 (280F44DA-4966-4D6A-89FC-E56A1600455E);IMAGESET;IMAGESET_NOT_ASSIGNED_TO_THIS_PROJECT_IN_ROSETTA;[IMAGESET|https://www.familysearch.org/indexing/admin-new/#/projects/1E1B42AB-8068-4D60-A7A7-4D2665970562/manage/280F44DA-4966-4D6A-89FC-E56A1600455E/batches/list]
005874781 (70EA34E5-536D-40E5-AB80-F54D1A5CA944);IMAGESET;IMAGESET_NOT_ASSIGNED_TO_THIS_PROJECT_IN_ROSETTA;[IMAGESET|https://www.familysearch.org/indexing/admin-new/#/projects/1E1B42AB-8068-4D60-A7A7-4D2665970562/manage/70EA34E5-536D-40E5-AB80-F54D1A5CA944/batches/list]
005874565 (BCDCB691-C12F-48BA-ABA2-B8B23E3FEE33);IMAGESET;IMAGESET_NOT_ASSIGNED_TO_THIS_PROJECT_IN_ROSETTA;[IMAGESET|https://www.familysearch.org/indexing/admin-new/#/projects/1E1B42AB-8068-4D60-A7A7-4D2665970562/manage/BCDCB691-C12F-48BA-ABA2-B8B23E3FEE33/batches/list]
005876789 (625EC398-1338-4685-9760-AF7A68459C92);IMAGESET;IMAGESET_NOT_ASSIGNED_TO_THIS_PROJECT_IN_ROSETTA;[IMAGESET|https://www.familysearch.org/indexing/admin-new/#/projects/1E1B42AB-8068-4D60-A7A7-4D2665970562/manage/625EC398-1338-4685-9760-AF7A68459C92/batches/list]
005874589 (BB576C15-C29A-4217-9FAF-3423712B0791);IMAGESET;IMAGESET_NOT_ASSIGNED_TO_THIS_PROJECT_IN_ROSETTA;[IMAGESET|https://www.familysearch.org/indexing/admin-new/#/projects/1E1B42AB-8068-4D60-A7A7-4D2665970562/manage/BB576C15-C29A-4217-9FAF-3423712B0791/batches/list]
005873923 (E148FCA6-ABC8-4204-9961-05A201FC2B80);IMAGESET;IMAGESET_NOT_ASSIGNED_TO_THIS_PROJECT_IN_ROSETTA;[IMAGESET|https://www.familysearch.org/indexing/admin-new/#/projects/1E1B42AB-8068-4D60-A7A7-4D2665970562/manage/E148FCA6-ABC8-4204-9961-05A201FC2B80/batches/list]
005876801 (1654EB40-A89D-4A69-84C8-F4A7CD9E6644);IMAGESET;IMAGESET_NOT_ASSIGNED_TO_THIS_PROJECT_IN_ROSETTA;[IMAGESET|https://www.familysearch.org/indexing/admin-new/#/projects/1E1B42AB-8068-4D60-A7A7-4D2665970562/manage/1654EB40-A89D-4A69-84C8-F4A7CD9E6644/batches/list]
005873910 (81DED66F-A97A-42D6-823E-0F20B190AAD0);IMAGESET;IMAGESET_NOT_ASSIGNED_TO_THIS_PROJECT_IN_ROSETTA;[IMAGESET|https://www.familysearch.org/indexing/admin-new/#/projects/1E1B42AB-8068-4D60-A7A7-4D2665970562/manage/81DED66F-A97A-42D6-823E-0F20B190AAD0/batches/list]
005874573 (7D7639C3-406A-4330-8590-54A9514EE115);IMAGESET;IMAGESET_NOT_ASSIGNED_TO_THIS_PROJECT_IN_ROSETTA;[IMAGESET|https://www.familysearch.org/indexing/admin-new/#/projects/1E1B42AB-8068-4D60-A7A7-4D2665970562/manage/7D7639C3-406A-4330-8590-54A9514EE115/batches/list]
005873886 (B57A6945-A80B-4482-BBE8-AAB9B30193D9);IMAGESET;IMAGESET_NOT_ASSIGNED_TO_THIS_PROJECT_IN_ROSETTA;[IMAGESET|https://www.familysearch.org/indexing/admin-new/#/projects/1E1B42AB-8068-4D60-A7A7-4D2665970562/manage/B57A6945-A80B-4482-BBE8-AAB9B30193D9/batches/list]
005873869 (F2468E6E-05CE-4F5E-852A-4AE824D6DC49);IMAGESET;IMAGESET_NOT_ASSIGNED_TO_THIS_PROJECT_IN_ROSETTA;[IMAGESET|https://www.familysearch.org/indexing/admin-new/#/projects/1E1B42AB-8068-4D60-A7A7-4D2665970562/manage/F2468E6E-05CE-4F5E-852A-4AE824D6DC49/batches/list]
005873909 (2A24632A-6818-4A5E-86D2-907DB7CE0D7B);IMAGESET;IMAGESET_NOT_ASSIGNED_TO_THIS_PROJECT_IN_ROSETTA;[IMAGESET|https://www.familysearch.org/indexing/admin-new/#/projects/1E1B42AB-8068-4D60-A7A7-4D2665970562/manage/2A24632A-6818-4A5E-86D2-907DB7CE0D7B/batches/list]
005876803 (C2E6739E-147E-4DF2-8BD7-82C4295877B5);IMAGESET;IMAGESET_NOT_ASSIGNED_TO_THIS_PROJECT_IN_ROSETTA;[IMAGESET|https://www.familysearch.org/indexing/admin-new/#/projects/1E1B42AB-8068-4D60-A7A7-4D2665970562/manage/C2E6739E-147E-4DF2-8BD7-82C4295877B5/batches/list]
005874792 (656948FC-8027-4525-B93F-162B77B4FD4F);IMAGESET;IMAGESET_NOT_ASSIGNED_TO_THIS_PROJECT_IN_ROSETTA;[IMAGESET|https://www.familysearch.org/indexing/admin-new/#/projects/1E1B42AB-8068-4D60-A7A7-4D2665970562/manage/656948FC-8027-4525-B93F-162B77B4FD4F/batches/list]
005874580 (8B11767A-5624-496F-BBEA-238D5C1F8CFA);IMAGESET;IMAGESET_NOT_ASSIGNED_TO_THIS_PROJECT_IN_ROSETTA;[IMAGESET|https://www.familysearch.org/indexing/admin-new/#/projects/1E1B42AB-8068-4D60-A7A7-4D2665970562/manage/8B11767A-5624-496F-BBEA-238D5C1F8CFA/batches/list]
005874585 (2D97B2E7-3A35-4355-989F-57C938392B25);IMAGESET;IMAGESET_NOT_ASSIGNED_TO_THIS_PROJECT_IN_ROSETTA;[IMAGESET|https://www.familysearch.org/indexing/admin-new/#/projects/1E1B42AB-8068-4D60-A7A7-4D2665970562/manage/2D97B2E7-3A35-4355-989F-57C938392B25/batches/list]
005874601 (9EBD52B7-9AEB-48BA-9985-6AF650536FFD);IMAGESET;IMAGESET_NOT_ASSIGNED_TO_THIS_PROJECT_IN_ROSETTA;[IMAGESET|https://www.familysearch.org/indexing/admin-new/#/projects/1E1B42AB-8068-4D60-A7A7-4D2665970562/manage/9EBD52B7-9AEB-48BA-9985-6AF650536FFD/batches/list]
005874795 (4263C447-15F3-4FDE-A921-EC2DB0CA1EDF);IMAGESET;IMAGESET_NOT_ASSIGNED_TO_THIS_PROJECT_IN_ROSETTA;[IMAGESET|https://www.familysearch.org/indexing/admin-new/#/projects/1E1B42AB-8068-4D60-A7A7-4D2665970562/manage/4263C447-15F3-4FDE-A921-EC2DB0CA1EDF/batches/list]
005874818 (3F2AD897-1669-4360-BB64-07F87C1C6EEA);IMAGESET;IMAGESET_NOT_ASSIGNED_TO_THIS_PROJECT_IN_ROSETTA;[IMAGESET|https://www.familysearch.org/indexing/admin-new/#/projects/1E1B42AB-8068-4D60-A7A7-4D2665970562/manage/3F2AD897-1669-4360-BB64-07F87C1C6EEA/batches/list]
005874593 (02FB92F4-A1EE-4B8A-AEAB-0323CC641A52);IMAGESET;IMAGESET_NOT_ASSIGNED_TO_THIS_PROJECT_IN_ROSETTA;[IMAGESET|https://www.familysearch.org/indexing/admin-new/#/projects/1E1B42AB-8068-4D60-A7A7-4D2665970562/manage/02FB92F4-A1EE-4B8A-AEAB-0323CC641A52/batches/list]
005874805 (4A644683-D5DC-4563-B716-626434C15445);IMAGESET;IMAGESET_NOT_ASSIGNED_TO_THIS_PROJECT_IN_ROSETTA;[IMAGESET|https://www.familysearch.org/indexing/admin-new/#/projects/1E1B42AB-8068-4D60-A7A7-4D2665970562/manage/4A644683-D5DC-4563-B716-626434C15445/batches/list]
005873882 (54A9F57D-C7C5-4B5A-936E-27117E9DF223);IMAGESET;IMAGESET_NOT_ASSIGNED_TO_THIS_PROJECT_IN_ROSETTA;[IMAGESET|https://www.familysearch.org/indexing/admin-new/#/projects/1E1B42AB-8068-4D60-A7A7-4D2665970562/manage/54A9F57D-C7C5-4B5A-936E-27117E9DF223/batches/list]
005874799 (824B3577-C103-4109-A3B3-4BB4D43C5D0B);IMAGESET;IMAGESET_NOT_ASSIGNED_TO_THIS_PROJECT_IN_ROSETTA;[IMAGESET|https://www.familysearch.org/indexing/admin-new/#/projects/1E1B42AB-8068-4D60-A7A7-4D2665970562/manage/824B3577-C103-4109-A3B3-4BB4D43C5D0B/batches/list]
005874821 (0CAF9038-BB48-4393-B076-A79ED3093533);IMAGESET;IMAGESET_NOT_ASSIGNED_TO_THIS_PROJECT_IN_ROSETTA;[IMAGESET|https://www.familysearch.org/indexing/admin-new/#/projects/1E1B42AB-8068-4D60-A7A7-4D2665970562/manage/0CAF9038-BB48-4393-B076-A79ED3093533/batches/list]
005874566 (002AEE13-C8C1-4FCC-B2DF-3C298C471F37);IMAGESET;IMAGESET_NOT_ASSIGNED_TO_THIS_PROJECT_IN_ROSETTA;[IMAGESET|https://www.familysearch.org/indexing/admin-new/#/projects/1E1B42AB-8068-4D60-A7A7-4D2665970562/manage/002AEE13-C8C1-4FCC-B2DF-3C298C471F37/batches/list]
005874798 (BBA4CFFE-65C6-46FD-8A75-ED8CDBF2BE1A);IMAGESET;IMAGESET_NOT_ASSIGNED_TO_THIS_PROJECT_IN_ROSETTA;[IMAGESET|https://www.familysearch.org/indexing/admin-new/#/projects/1E1B42AB-8068-4D60-A7A7-4D2665970562/manage/BBA4CFFE-65C6-46FD-8A75-ED8CDBF2BE1A/batches/list]
005874567 (53EFF80F-99C2-426D-B60F-764749F527B1);IMAGESET;IMAGESET_NOT_ASSIGNED_TO_THIS_PROJECT_IN_ROSETTA;[IMAGESET|https://www.familysearch.org/indexing/admin-new/#/projects/1E1B42AB-8068-4D60-A7A7-4D2665970562/manage/53EFF80F-99C2-426D-B60F-764749F527B1/batches/list]
005873930 (1E03FCCB-AB72-489D-950D-87EA2B9E59B0);IMAGESET;IMAGESET_NOT_ASSIGNED_TO_THIS_PROJECT_IN_ROSETTA;[IMAGESET|https://www.familysearch.org/indexing/admin-new/#/projects/1E1B42AB-8068-4D60-A7A7-4D2665970562/manage/1E03FCCB-AB72-489D-950D-87EA2B9E59B0/batches/list]
005871094 (C4B4C572-A41D-4146-BA49-A7ECA22BFCB5);IMAGESET;IMAGESET_NOT_ASSIGNED_TO_THIS_PROJECT_IN_ROSETTA;[IMAGESET|https://www.familysearch.org/indexing/admin-new/#/projects/1E1B42AB-8068-4D60-A7A7-4D2665970562/manage/C4B4C572-A41D-4146-BA49-A7ECA22BFCB5/batches/list]
005874592 (9EC2EB8B-0796-49F7-85AA-E7AD0798C65E);IMAGESET;IMAGESET_NOT_ASSIGNED_TO_THIS_PROJECT_IN_ROSETTA;[IMAGESET|https://www.familysearch.org/indexing/admin-new/#/projects/1E1B42AB-8068-4D60-A7A7-4D2665970562/manage/9EC2EB8B-0796-49F7-85AA-E7AD0798C65E/batches/list]
005874784 (D5047533-3A87-47A6-86B7-078275F7FF6C);IMAGESET;IMAGESET_NOT_ASSIGNED_TO_THIS_PROJECT_IN_ROSETTA;[IMAGESET|https://www.familysearch.org/indexing/admin-new/#/projects/1E1B42AB-8068-4D60-A7A7-4D2665970562/manage/D5047533-3A87-47A6-86B7-078275F7FF6C/batches/list]
005873884 (663A706A-32C5-4837-998C-E09165D984FB);IMAGESET;IMAGESET_NOT_ASSIGNED_TO_THIS_PROJECT_IN_ROSETTA;[IMAGESET|https://www.familysearch.org/indexing/admin-new/#/projects/1E1B42AB-8068-4D60-A7A7-4D2665970562/manage/663A706A-32C5-4837-998C-E09165D984FB/batches/list]
005874811 (61E300B2-6DF2-4052-B744-1E197E0E5FDC);IMAGESET;IMAGESET_NOT_ASSIGNED_TO_THIS_PROJECT_IN_ROSETTA;[IMAGESET|https://www.familysearch.org/indexing/admin-new/#/projects/1E1B42AB-8068-4D60-A7A7-4D2665970562/manage/61E300B2-6DF2-4052-B744-1E197E0E5FDC/batches/list]
005874794 (4E88041A-8A9D-4D97-805C-B5B9AB43F2C1);IMAGESET;IMAGESET_NOT_ASSIGNED_TO_THIS_PROJECT_IN_ROSETTA;[IMAGESET|https://www.familysearch.org/indexing/admin-new/#/projects/1E1B42AB-8068-4D60-A7A7-4D2665970562/manage/4E88041A-8A9D-4D97-805C-B5B9AB43F2C1/batches/list]
005874619 (EDFF4EDB-66A6-4B1F-99F9-319FC21CE852);IMAGESET;IMAGESET_NOT_ASSIGNED_TO_THIS_PROJECT_IN_ROSETTA;[IMAGESET|https://www.familysearch.org/indexing/admin-new/#/projects/1E1B42AB-8068-4D60-A7A7-4D2665970562/manage/EDFF4EDB-66A6-4B1F-99F9-319FC21CE852/batches/list]
005874626 (07E9608A-D700-4C8B-9BBC-83D3ED436DFD);IMAGESET;IMAGESET_NOT_ASSIGNED_TO_THIS_PROJECT_IN_ROSETTA;[IMAGESET|https://www.familysearch.org/indexing/admin-new/#/projects/1E1B42AB-8068-4D60-A7A7-4D2665970562/manage/07E9608A-D700-4C8B-9BBC-83D3ED436DFD/batches/list]
005874839 (294CB9AE-09E7-41BA-A1A6-063F9153AA12);IMAGESET;IMAGESET_NOT_ASSIGNED_TO_THIS_PROJECT_IN_ROSETTA;[IMAGESET|https://www.familysearch.org/indexing/admin-new/#/projects/1E1B42AB-8068-4D60-A7A7-4D2665970562/manage/294CB9AE-09E7-41BA-A1A6-063F9153AA12/batches/list]
005874607 (E529B2CC-CE45-4CD0-B34A-3DC7CDEFC4D0);IMAGESET;IMAGESET_NOT_ASSIGNED_TO_THIS_PROJECT_IN_ROSETTA;[IMAGESET|https://www.familysearch.org/indexing/admin-new/#/projects/1E1B42AB-8068-4D60-A7A7-4D2665970562/manage/E529B2CC-CE45-4CD0-B34A-3DC7CDEFC4D0/batches/list]
005874844 (48F0497B-1C67-4536-A74B-6BC071A09255);IMAGESET;IMAGESET_NOT_ASSIGNED_TO_THIS_PROJECT_IN_ROSETTA;[IMAGESET|https://www.familysearch.org/indexing/admin-new/#/projects/1E1B42AB-8068-4D60-A7A7-4D2665970562/manage/48F0497B-1C67-4536-A74B-6BC071A09255/batches/list]
005874843 (038C2111-568D-4074-9C6F-717BD0C31F1C);IMAGESET;IMAGESET_NOT_ASSIGNED_TO_THIS_PROJECT_IN_ROSETTA;[IMAGESET|https://www.familysearch.org/indexing/admin-new/#/projects/1E1B42AB-8068-4D60-A7A7-4D2665970562/manage/038C2111-568D-4074-9C6F-717BD0C31F1C/batches/list]
005874810 (04A7E9A8-6D2F-45A3-B8C4-9E0127C31BBC);IMAGESET;IMAGESET_NOT_ASSIGNED_TO_THIS_PROJECT_IN_ROSETTA;[IMAGESET|https://www.familysearch.org/indexing/admin-new/#/projects/1E1B42AB-8068-4D60-A7A7-4D2665970562/manage/04A7E9A8-6D2F-45A3-B8C4-9E0127C31BBC/batches/list]
005874786 (BD2BDF0B-9210-4C39-8DC4-6B957DB68B51);IMAGESET;IMAGESET_NOT_ASSIGNED_TO_THIS_PROJECT_IN_ROSETTA;[IMAGESET|https://www.familysearch.org/indexing/admin-new/#/projects/1E1B42AB-8068-4D60-A7A7-4D2665970562/manage/BD2BDF0B-9210-4C39-8DC4-6B957DB68B51/batches/list]
005874587 (34523F69-88E8-4DF1-9B9D-84E85AF6CC00);IMAGESET;IMAGESET_NOT_ASSIGNED_TO_THIS_PROJECT_IN_ROSETTA;[IMAGESET|https://www.familysearch.org/indexing/admin-new/#/projects/1E1B42AB-8068-4D60-A7A7-4D2665970562/manage/34523F69-88E8-4DF1-9B9D-84E85AF6CC00/batches/list]
005876788 (F048B89F-8D42-4B90-A4D6-50EA2E4372A5);IMAGESET;IMAGESET_NOT_ASSIGNED_TO_THIS_PROJECT_IN_ROSETTA;[IMAGESET|https://www.familysearch.org/indexing/admin-new/#/projects/1E1B42AB-8068-4D60-A7A7-4D2665970562/manage/F048B89F-8D42-4B90-A4D6-50EA2E4372A5/batches/list]
005874594 (4C6FE958-699C-4738-A271-0E5922119E90);IMAGESET;IMAGESET_NOT_ASSIGNED_TO_THIS_PROJECT_IN_ROSETTA;[IMAGESET|https://www.familysearch.org/indexing/admin-new/#/projects/1E1B42AB-8068-4D60-A7A7-4D2665970562/manage/4C6FE958-699C-4738-A271-0E5922119E90/batches/list]
005874623 (61A4549B-42EB-4E30-ABE7-F4C34DBC2E63);IMAGESET;IMAGESET_NOT_ASSIGNED_TO_THIS_PROJECT_IN_ROSETTA;[IMAGESET|https://www.familysearch.org/indexing/admin-new/#/projects/1E1B42AB-8068-4D60-A7A7-4D2665970562/manage/61A4549B-42EB-4E30-ABE7-F4C34DBC2E63/batches/list]
005874560 (43B4D1E2-BE0D-4BD0-B5F9-DCA42A99C0F2);IMAGESET;IMAGESET_NOT_ASSIGNED_TO_THIS_PROJECT_IN_ROSETTA;[IMAGESET|https://www.familysearch.org/indexing/admin-new/#/projects/1E1B42AB-8068-4D60-A7A7-4D2665970562/manage/43B4D1E2-BE0D-4BD0-B5F9-DCA42A99C0F2/batches/list]
005874599 (4A5A7763-084D-47BF-9718-118B875873B0);IMAGESET;IMAGESET_NOT_ASSIGNED_TO_THIS_PROJECT_IN_ROSETTA;[IMAGESET|https://www.familysearch.org/indexing/admin-new/#/projects/1E1B42AB-8068-4D60-A7A7-4D2665970562/manage/4A5A7763-084D-47BF-9718-118B875873B0/batches/list]
005874557 (91F43380-E080-409E-B702-65F09A058BAC);IMAGESET;IMAGESET_NOT_ASSIGNED_TO_THIS_PROJECT_IN_ROSETTA;[IMAGESET|https://www.familysearch.org/indexing/admin-new/#/projects/1E1B42AB-8068-4D60-A7A7-4D2665970562/manage/91F43380-E080-409E-B702-65F09A058BAC/batches/list]
005874608 (0DFEA4AE-FC77-4D80-89F4-4C7C5D5C1049);IMAGESET;IMAGESET_NOT_ASSIGNED_TO_THIS_PROJECT_IN_ROSETTA;[IMAGESET|https://www.familysearch.org/indexing/admin-new/#/projects/1E1B42AB-8068-4D60-A7A7-4D2665970562/manage/0DFEA4AE-FC77-4D80-89F4-4C7C5D5C1049/batches/list]
005873872 (F11C15D7-7BB5-468C-B88F-1B593D6F376A);IMAGESET;IMAGESET_NOT_ASSIGNED_TO_THIS_PROJECT_IN_ROSETTA;[IMAGESET|https://www.familysearch.org/indexing/admin-new/#/projects/1E1B42AB-8068-4D60-A7A7-4D2665970562/manage/F11C15D7-7BB5-468C-B88F-1B593D6F376A/batches/list]
005874846 (63952B38-12EC-43E1-90D2-FE27B44597F2);IMAGESET;IMAGESET_NOT_ASSIGNED_TO_THIS_PROJECT_IN_ROSETTA;[IMAGESET|https://www.familysearch.org/indexing/admin-new/#/projects/1E1B42AB-8068-4D60-A7A7-4D2665970562/manage/63952B38-12EC-43E1-90D2-FE27B44597F2/batches/list]
005874841 (2A1D5918-5FF5-4EB5-A020-8D02040B92EB);IMAGESET;IMAGESET_NOT_ASSIGNED_TO_THIS_PROJECT_IN_ROSETTA;[IMAGESET|https://www.familysearch.org/indexing/admin-new/#/projects/1E1B42AB-8068-4D60-A7A7-4D2665970562/manage/2A1D5918-5FF5-4EB5-A020-8D02040B92EB/batches/list]
005874787 (6D95FEA5-FD03-4B8E-A465-83EC33B6445C);IMAGESET;IMAGESET_NOT_ASSIGNED_TO_THIS_PROJECT_IN_ROSETTA;[IMAGESET|https://www.familysearch.org/indexing/admin-new/#/projects/1E1B42AB-8068-4D60-A7A7-4D2665970562/manage/6D95FEA5-FD03-4B8E-A465-83EC33B6445C/batches/list]
005871097 (D7E8B9EA-035D-4016-B3E8-D58D8CB2F8D7);IMAGESET;IMAGESET_NOT_ASSIGNED_TO_THIS_PROJECT_IN_ROSETTA;[IMAGESET|https://www.familysearch.org/indexing/admin-new/#/projects/1E1B42AB-8068-4D60-A7A7-4D2665970562/manage/D7E8B9EA-035D-4016-B3E8-D58D8CB2F8D7/batches/list]
005876792 (FEC55C2B-519B-4BAB-A03B-8B695AC5D2E4);IMAGESET;IMAGESET_NOT_ASSIGNED_TO_THIS_PROJECT_IN_ROSETTA;[IMAGESET|https://www.familysearch.org/indexing/admin-new/#/projects/1E1B42AB-8068-4D60-A7A7-4D2665970562/manage/FEC55C2B-519B-4BAB-A03B-8B695AC5D2E4/batches/list]
005874837 (CF2E58BC-1C90-4CFF-8538-AE562D77E755);IMAGESET;IMAGESET_NOT_ASSIGNED_TO_THIS_PROJECT_IN_ROSETTA;[IMAGESET|https://www.familysearch.org/indexing/admin-new/#/projects/1E1B42AB-8068-4D60-A7A7-4D2665970562/manage/CF2E58BC-1C90-4CFF-8538-AE562D77E755/batches/list]
005874812 (00C8876D-6CA7-4F0C-A4D3-9780E23EFEAF);IMAGESET;IMAGESET_NOT_ASSIGNED_TO_THIS_PROJECT_IN_ROSETTA;[IMAGESET|https://www.familysearch.org/indexing/admin-new/#/projects/1E1B42AB-8068-4D60-A7A7-4D2665970562/manage/00C8876D-6CA7-4F0C-A4D3-9780E23EFEAF/batches/list]
005874590 (BEE4B7C6-8738-4721-A1B1-4D08340410DC);IMAGESET;IMAGESET_NOT_ASSIGNED_TO_THIS_PROJECT_IN_ROSETTA;[IMAGESET|https://www.familysearch.org/indexing/admin-new/#/projects/1E1B42AB-8068-4D60-A7A7-4D2665970562/manage/BEE4B7C6-8738-4721-A1B1-4D08340410DC/batches/list]
005873880 (42A658DE-40B2-4E09-9165-9C23B3788DEA);IMAGESET;IMAGESET_NOT_ASSIGNED_TO_THIS_PROJECT_IN_ROSETTA;[IMAGESET|https://www.familysearch.org/indexing/admin-new/#/projects/1E1B42AB-8068-4D60-A7A7-4D2665970562/manage/42A658DE-40B2-4E09-9165-9C23B3788DEA/batches/list]
005873933 (24FE16F7-59CF-4802-9BDF-342ACE82FD16);IMAGESET;IMAGESET_NOT_ASSIGNED_TO_THIS_PROJECT_IN_ROSETTA;[IMAGESET|https://www.familysearch.org/indexing/admin-new/#/projects/1E1B42AB-8068-4D60-A7A7-4D2665970562/manage/24FE16F7-59CF-4802-9BDF-342ACE82FD16/batches/list]
005876791 (6AC00C47-6C94-4677-A3E5-916E5F01A8CD);IMAGESET;IMAGESET_NOT_ASSIGNED_TO_THIS_PROJECT_IN_ROSETTA;[IMAGESET|https://www.familysearch.org/indexing/admin-new/#/projects/1E1B42AB-8068-4D60-A7A7-4D2665970562/manage/6AC00C47-6C94-4677-A3E5-916E5F01A8CD/batches/list]
005874838 (D27BA6F0-9355-4435-A253-D5CB97E34127);IMAGESET;IMAGESET_NOT_ASSIGNED_TO_THIS_PROJECT_IN_ROSETTA;[IMAGESET|https://www.familysearch.org/indexing/admin-new/#/projects/1E1B42AB-8068-4D60-A7A7-4D2665970562/manage/D27BA6F0-9355-4435-A253-D5CB97E34127/batches/list]
005874575 (F1A88A68-BF4A-4393-8AB0-4BE03B0FD51E);IMAGESET;IMAGESET_NOT_ASSIGNED_TO_THIS_PROJECT_IN_ROSETTA;[IMAGESET|https://www.familysearch.org/indexing/admin-new/#/projects/1E1B42AB-8068-4D60-A7A7-4D2665970562/manage/F1A88A68-BF4A-4393-8AB0-4BE03B0FD51E/batches/list]
005874579 (024C53B0-B329-4E50-8FEB-45BCDF23ADBB);IMAGESET;IMAGESET_NOT_ASSIGNED_TO_THIS_PROJECT_IN_ROSETTA;[IMAGESET|https://www.familysearch.org/indexing/admin-new/#/projects/1E1B42AB-8068-4D60-A7A7-4D2665970562/manage/024C53B0-B329-4E50-8FEB-45BCDF23ADBB/batches/list]
005874617 (78761013-5C7F-411D-8379-B0F42D2E361D);IMAGESET;IMAGESET_NOT_ASSIGNED_TO_THIS_PROJECT_IN_ROSETTA;[IMAGESET|https://www.familysearch.org/indexing/admin-new/#/projects/1E1B42AB-8068-4D60-A7A7-4D2665970562/manage/78761013-5C7F-411D-8379-B0F42D2E361D/batches/list]
005874606 (DBD674CC-7655-4E84-90EC-46932124C51F);IMAGESET;IMAGESET_NOT_ASSIGNED_TO_THIS_PROJECT_IN_ROSETTA;[IMAGESET|https://www.familysearch.org/indexing/admin-new/#/projects/1E1B42AB-8068-4D60-A7A7-4D2665970562/manage/DBD674CC-7655-4E84-90EC-46932124C51F/batches/list]
005874558 (D5B4CEB2-704A-455F-9B36-175B8B2FF4D5);IMAGESET;IMAGESET_NOT_ASSIGNED_TO_THIS_PROJECT_IN_ROSETTA;[IMAGESET|https://www.familysearch.org/indexing/admin-new/#/projects/1E1B42AB-8068-4D60-A7A7-4D2665970562/manage/D5B4CEB2-704A-455F-9B36-175B8B2FF4D5/batches/list]
005874613 (96AAB3A8-1E8E-4565-96AD-76ACC36F9297);IMAGESET;IMAGESET_NOT_ASSIGNED_TO_THIS_PROJECT_IN_ROSETTA;[IMAGESET|https://www.familysearch.org/indexing/admin-new/#/projects/1E1B42AB-8068-4D60-A7A7-4D2665970562/manage/96AAB3A8-1E8E-4565-96AD-76ACC36F9297/batches/list]
005873925 (BA5C7A2C-EB71-45C4-82D4-DCC2F3916819);IMAGESET;IMAGESET_NOT_ASSIGNED_TO_THIS_PROJECT_IN_ROSETTA;[IMAGESET|https://www.familysearch.org/indexing/admin-new/#/projects/1E1B42AB-8068-4D60-A7A7-4D2665970562/manage/BA5C7A2C-EB71-45C4-82D4-DCC2F3916819/batches/list]
005874570 (520B31AC-FC95-446A-A03F-F1D4D9DF2589);IMAGESET;IMAGESET_NOT_ASSIGNED_TO_THIS_PROJECT_IN_ROSETTA;[IMAGESET|https://www.familysearch.org/indexing/admin-new/#/projects/1E1B42AB-8068-4D60-A7A7-4D2665970562/manage/520B31AC-FC95-446A-A03F-F1D4D9DF2589/batches/list]
005873870 (72BAE609-44B3-4048-A9FC-B9C3A34B3460);IMAGESET;IMAGESET_NOT_ASSIGNED_TO_THIS_PROJECT_IN_ROSETTA;[IMAGESET|https://www.familysearch.org/indexing/admin-new/#/projects/1E1B42AB-8068-4D60-A7A7-4D2665970562/manage/72BAE609-44B3-4048-A9FC-B9C3A34B3460/batches/list]
005873897 (A3780872-BCF1-4833-BB19-3252B3DF80EA);IMAGESET;IMAGESET_NOT_ASSIGNED_TO_THIS_PROJECT_IN_ROSETTA;[IMAGESET|https://www.familysearch.org/indexing/admin-new/#/projects/1E1B42AB-8068-4D60-A7A7-4D2665970562/manage/A3780872-BCF1-4833-BB19-3252B3DF80EA/batches/list]
005874581 (FE05615E-93A5-44DF-8F66-A49E21C719D7);IMAGESET;IMAGESET_NOT_ASSIGNED_TO_THIS_PROJECT_IN_ROSETTA;[IMAGESET|https://www.familysearch.org/indexing/admin-new/#/projects/1E1B42AB-8068-4D60-A7A7-4D2665970562/manage/FE05615E-93A5-44DF-8F66-A49E21C719D7/batches/list]
005874588 (C5D41600-F506-4075-9E45-262B3FAD31EF);IMAGESET;IMAGESET_NOT_ASSIGNED_TO_THIS_PROJECT_IN_ROSETTA;[IMAGESET|https://www.familysearch.org/indexing/admin-new/#/projects/1E1B42AB-8068-4D60-A7A7-4D2665970562/manage/C5D41600-F506-4075-9E45-262B3FAD31EF/batches/list]
005874813 (60F47F19-7EF8-4D6A-A7A9-D34E7AC085A2);IMAGESET;IMAGESET_NOT_ASSIGNED_TO_THIS_PROJECT_IN_ROSETTA;[IMAGESET|https://www.familysearch.org/indexing/admin-new/#/projects/1E1B42AB-8068-4D60-A7A7-4D2665970562/manage/60F47F19-7EF8-4D6A-A7A9-D34E7AC085A2/batches/list]
005874849 (8A5AF62B-6782-409A-BCF1-48CA44FFEEF8);IMAGESET;IMAGESET_NOT_ASSIGNED_TO_THIS_PROJECT_IN_ROSETTA;[IMAGESET|https://www.familysearch.org/indexing/admin-new/#/projects/1E1B42AB-8068-4D60-A7A7-4D2665970562/manage/8A5AF62B-6782-409A-BCF1-48CA44FFEEF8/batches/list]
005873899 (313750B4-8C76-4723-A283-704A987894FC);IMAGESET;IMAGESET_NOT_ASSIGNED_TO_THIS_PROJECT_IN_ROSETTA;[IMAGESET|https://www.familysearch.org/indexing/admin-new/#/projects/1E1B42AB-8068-4D60-A7A7-4D2665970562/manage/313750B4-8C76-4723-A283-704A987894FC/batches/list]
005873894 (81327CB0-F2E1-4CF2-AAFC-5F98A55DF379);IMAGESET;IMAGESET_NOT_ASSIGNED_TO_THIS_PROJECT_IN_ROSETTA;[IMAGESET|https://www.familysearch.org/indexing/admin-new/#/projects/1E1B42AB-8068-4D60-A7A7-4D2665970562/manage/81327CB0-F2E1-4CF2-AAFC-5F98A55DF379/batches/list]
005874793 (D502AAB0-DA7F-4712-84E8-46DACBED678E);IMAGESET;IMAGESET_NOT_ASSIGNED_TO_THIS_PROJECT_IN_ROSETTA;[IMAGESET|https://www.familysearch.org/indexing/admin-new/#/projects/1E1B42AB-8068-4D60-A7A7-4D2665970562/manage/D502AAB0-DA7F-4712-84E8-46DACBED678E/batches/list]
005874848 (B17F8441-1A1F-4976-A645-EAB76DA004F3);IMAGESET;IMAGESET_NOT_ASSIGNED_TO_THIS_PROJECT_IN_ROSETTA;[IMAGESET|https://www.familysearch.org/indexing/admin-new/#/projects/1E1B42AB-8068-4D60-A7A7-4D2665970562/manage/B17F8441-1A1F-4976-A645-EAB76DA004F3/batches/list]
005874806 (6315289E-B5CB-480D-BAA6-C59617C6D6B1);IMAGESET;IMAGESET_NOT_ASSIGNED_TO_THIS_PROJECT_IN_ROSETTA;[IMAGESET|https://www.familysearch.org/indexing/admin-new/#/projects/1E1B42AB-8068-4D60-A7A7-4D2665970562/manage/6315289E-B5CB-480D-BAA6-C59617C6D6B1/batches/list]
005871087 (2D7502CC-5D32-414E-84E9-8EBAB844E168);IMAGESET;IMAGESET_NOT_ASSIGNED_TO_THIS_PROJECT_IN_ROSETTA;[IMAGESET|https://www.familysearch.org/indexing/admin-new/#/projects/1E1B42AB-8068-4D60-A7A7-4D2665970562/manage/2D7502CC-5D32-414E-84E9-8EBAB844E168/batches/list]
005876798 (80D1468C-7DE4-4FA0-B3B0-FBCA7DD8CAB8);IMAGESET;IMAGESET_NOT_ASSIGNED_TO_THIS_PROJECT_IN_ROSETTA;[IMAGESET|https://www.familysearch.org/indexing/admin-new/#/projects/1E1B42AB-8068-4D60-A7A7-4D2665970562/manage/80D1468C-7DE4-4FA0-B3B0-FBCA7DD8CAB8/batches/list]
005874785 (BA18ADD5-020D-4852-BE9D-747209B26F2D);IMAGESET;IMAGESET_NOT_ASSIGNED_TO_THIS_PROJECT_IN_ROSETTA;[IMAGESET|https://www.familysearch.org/indexing/admin-new/#/projects/1E1B42AB-8068-4D60-A7A7-4D2665970562/manage/BA18ADD5-020D-4852-BE9D-747209B26F2D/batches/list]
005874576 (857D2A04-F10E-46E9-8BCC-80F48EA02EF9);IMAGESET;IMAGESET_NOT_ASSIGNED_TO_THIS_PROJECT_IN_ROSETTA;[IMAGESET|https://www.familysearch.org/indexing/admin-new/#/projects/1E1B42AB-8068-4D60-A7A7-4D2665970562/manage/857D2A04-F10E-46E9-8BCC-80F48EA02EF9/batches/list]
005874778 (BB427BF0-F6C1-4494-A3B7-9936745DED08);IMAGESET;IMAGESET_NOT_ASSIGNED_TO_THIS_PROJECT_IN_ROSETTA;[IMAGESET|https://www.familysearch.org/indexing/admin-new/#/projects/1E1B42AB-8068-4D60-A7A7-4D2665970562/manage/BB427BF0-F6C1-4494-A3B7-9936745DED08/batches/list]
005874816 (11B58654-CDEF-4EF4-A237-54BEBE94CCD1);IMAGESET;IMAGESET_NOT_ASSIGNED_TO_THIS_PROJECT_IN_ROSETTA;[IMAGESET|https://www.familysearch.org/indexing/admin-new/#/projects/1E1B42AB-8068-4D60-A7A7-4D2665970562/manage/11B58654-CDEF-4EF4-A237-54BEBE94CCD1/batches/list]
005874820 (86568A2E-E699-4636-8354-2F6BC166C8AF);IMAGESET;IMAGESET_NOT_ASSIGNED_TO_THIS_PROJECT_IN_ROSETTA;[IMAGESET|https://www.familysearch.org/indexing/admin-new/#/projects/1E1B42AB-8068-4D60-A7A7-4D2665970562/manage/86568A2E-E699-4636-8354-2F6BC166C8AF/batches/list]
005874803 (F49A593F-FA6B-46DC-B298-BEE75DAA5873);IMAGESET;IMAGESET_NOT_ASSIGNED_TO_THIS_PROJECT_IN_ROSETTA;[IMAGESET|https://www.familysearch.org/indexing/admin-new/#/projects/1E1B42AB-8068-4D60-A7A7-4D2665970562/manage/F49A593F-FA6B-46DC-B298-BEE75DAA5873/batches/list]
005873868 (859125CB-A175-490B-8A59-1363E6C2828E);IMAGESET;IMAGESET_NOT_ASSIGNED_TO_THIS_PROJECT_IN_ROSETTA;[IMAGESET|https://www.familysearch.org/indexing/admin-new/#/projects/1E1B42AB-8068-4D60-A7A7-4D2665970562/manage/859125CB-A175-490B-8A59-1363E6C2828E/batches/list]
005874828 (54F91E05-C3A2-40D9-A6E3-F1382DF5AB81);IMAGESET;IMAGESET_NOT_ASSIGNED_TO_THIS_PROJECT_IN_ROSETTA;[IMAGESET|https://www.familysearch.org/indexing/admin-new/#/projects/1E1B42AB-8068-4D60-A7A7-4D2665970562/manage/54F91E05-C3A2-40D9-A6E3-F1382DF5AB81/batches/list]
005874851 (22509F9D-D289-4D29-B891-9830EE01DE23);IMAGESET;IMAGESET_NOT_ASSIGNED_TO_THIS_PROJECT_IN_ROSETTA;[IMAGESET|https://www.familysearch.org/indexing/admin-new/#/projects/1E1B42AB-8068-4D60-A7A7-4D2665970562/manage/22509F9D-D289-4D29-B891-9830EE01DE23/batches/list]
005873908 (455776A8-AE93-44F0-A5D9-DD6DE28DA8D4);IMAGESET;IMAGESET_NOT_ASSIGNED_TO_THIS_PROJECT_IN_ROSETTA;[IMAGESET|https://www.familysearch.org/indexing/admin-new/#/projects/1E1B42AB-8068-4D60-A7A7-4D2665970562/manage/455776A8-AE93-44F0-A5D9-DD6DE28DA8D4/batches/list]
005874618 (173C5B66-4483-45E4-9944-AAFA05A810CF);IMAGESET;IMAGESET_NOT_ASSIGNED_TO_THIS_PROJECT_IN_ROSETTA;[IMAGESET|https://www.familysearch.org/indexing/admin-new/#/projects/1E1B42AB-8068-4D60-A7A7-4D2665970562/manage/173C5B66-4483-45E4-9944-AAFA05A810CF/batches/list]
005873914 (C98CB425-F71F-4129-AFE5-B9404724B160);IMAGESET;IMAGESET_NOT_ASSIGNED_TO_THIS_PROJECT_IN_ROSETTA;[IMAGESET|https://www.familysearch.org/indexing/admin-new/#/projects/1E1B42AB-8068-4D60-A7A7-4D2665970562/manage/C98CB425-F71F-4129-AFE5-B9404724B160/batches/list]
005874605 (3ED50483-343D-4306-8125-010705DA9578);IMAGESET;IMAGESET_NOT_ASSIGNED_TO_THIS_PROJECT_IN_ROSETTA;[IMAGESET|https://www.familysearch.org/indexing/admin-new/#/projects/1E1B42AB-8068-4D60-A7A7-4D2665970562/manage/3ED50483-343D-4306-8125-010705DA9578/batches/list]
005874556 (A850FAC8-5068-4016-A62B-B3D7ABA50C65);IMAGESET;IMAGESET_NOT_ASSIGNED_TO_THIS_PROJECT_IN_ROSETTA;[IMAGESET|https://www.familysearch.org/indexing/admin-new/#/projects/1E1B42AB-8068-4D60-A7A7-4D2665970562/manage/A850FAC8-5068-4016-A62B-B3D7ABA50C65/batches/list]
005874829 (A67468E9-FC43-4543-B634-F270BA145F8F);IMAGESET;IMAGESET_NOT_ASSIGNED_TO_THIS_PROJECT_IN_ROSETTA;[IMAGESET|https://www.familysearch.org/indexing/admin-new/#/projects/1E1B42AB-8068-4D60-A7A7-4D2665970562/manage/A67468E9-FC43-4543-B634-F270BA145F8F/batches/list]
005874782 (F242C38B-7CA8-4925-81F4-EF1E5E5B9495);IMAGESET;IMAGESET_NOT_ASSIGNED_TO_THIS_PROJECT_IN_ROSETTA;[IMAGESET|https://www.familysearch.org/indexing/admin-new/#/projects/1E1B42AB-8068-4D60-A7A7-4D2665970562/manage/F242C38B-7CA8-4925-81F4-EF1E5E5B9495/batches/list]
005874804 (8BCAB6EA-95F1-4491-822D-684D50E75A3F);IMAGESET;IMAGESET_NOT_ASSIGNED_TO_THIS_PROJECT_IN_ROSETTA;[IMAGESET|https://www.familysearch.org/indexing/admin-new/#/projects/1E1B42AB-8068-4D60-A7A7-4D2665970562/manage/8BCAB6EA-95F1-4491-822D-684D50E75A3F/batches/list]
005874610 (3CFFB9B9-12C7-4E65-8A9D-0AC0EA00076C);IMAGESET;IMAGESET_NOT_ASSIGNED_TO_THIS_PROJECT_IN_ROSETTA;[IMAGESET|https://www.familysearch.org/indexing/admin-new/#/projects/1E1B42AB-8068-4D60-A7A7-4D2665970562/manage/3CFFB9B9-12C7-4E65-8A9D-0AC0EA00076C/batches/list]
005874603 (E15B73C0-CEE7-45F3-889F-63A7EABB87B3);IMAGESET;IMAGESET_NOT_ASSIGNED_TO_THIS_PROJECT_IN_ROSETTA;[IMAGESET|https://www.familysearch.org/indexing/admin-new/#/projects/1E1B42AB-8068-4D60-A7A7-4D2665970562/manage/E15B73C0-CEE7-45F3-889F-63A7EABB87B3/batches/list]
005873893 (0B3D0CAB-5DF9-4121-8BA5-C32C45763D2A);IMAGESET;IMAGESET_NOT_ASSIGNED_TO_THIS_PROJECT_IN_ROSETTA;[IMAGESET|https://www.familysearch.org/indexing/admin-new/#/projects/1E1B42AB-8068-4D60-A7A7-4D2665970562/manage/0B3D0CAB-5DF9-4121-8BA5-C32C45763D2A/batches/list]
005874790 (03FE85AA-9D20-408C-AA42-D65052D33876);IMAGESET;IMAGESET_NOT_ASSIGNED_TO_THIS_PROJECT_IN_ROSETTA;[IMAGESET|https://www.familysearch.org/indexing/admin-new/#/projects/1E1B42AB-8068-4D60-A7A7-4D2665970562/manage/03FE85AA-9D20-408C-AA42-D65052D33876/batches/list]
005873929 (206112D4-1EE1-404D-843E-63AD88E96DED);IMAGESET;IMAGESET_NOT_ASSIGNED_TO_THIS_PROJECT_IN_ROSETTA;[IMAGESET|https://www.familysearch.org/indexing/admin-new/#/projects/1E1B42AB-8068-4D60-A7A7-4D2665970562/manage/206112D4-1EE1-404D-843E-63AD88E96DED/batches/list]
005876787 (C209E8D0-4DFC-463D-BFC4-E3C03B9FFD03);IMAGESET;IMAGESET_NOT_ASSIGNED_TO_THIS_PROJECT_IN_ROSETTA;[IMAGESET|https://www.familysearch.org/indexing/admin-new/#/projects/1E1B42AB-8068-4D60-A7A7-4D2665970562/manage/C209E8D0-4DFC-463D-BFC4-E3C03B9FFD03/batches/list]
005874571 (80F5DAC6-C8E9-4830-8976-CF77BB4AD7C2);IMAGESET;IMAGESET_NOT_ASSIGNED_TO_THIS_PROJECT_IN_ROSETTA;[IMAGESET|https://www.familysearch.org/indexing/admin-new/#/projects/1E1B42AB-8068-4D60-A7A7-4D2665970562/manage/80F5DAC6-C8E9-4830-8976-CF77BB4AD7C2/batches/list]
005874620 (201DF640-A092-4912-B5D0-4A9E2FCDE56B);IMAGESET;IMAGESET_NOT_ASSIGNED_TO_THIS_PROJECT_IN_ROSETTA;[IMAGESET|https://www.familysearch.org/indexing/admin-new/#/projects/1E1B42AB-8068-4D60-A7A7-4D2665970562/manage/201DF640-A092-4912-B5D0-4A9E2FCDE56B/batches/list]
005874826 (3A342122-13B9-437A-A613-0FAA8743D2A5);IMAGESET;IMAGESET_NOT_ASSIGNED_TO_THIS_PROJECT_IN_ROSETTA;[IMAGESET|https://www.familysearch.org/indexing/admin-new/#/projects/1E1B42AB-8068-4D60-A7A7-4D2665970562/manage/3A342122-13B9-437A-A613-0FAA8743D2A5/batches/list]
005874561 (BDEDFBC9-4E0C-4234-8B8B-5F103E6A0D35);IMAGESET;IMAGESET_NOT_ASSIGNED_TO_THIS_PROJECT_IN_ROSETTA;[IMAGESET|https://www.familysearch.org/indexing/admin-new/#/projects/1E1B42AB-8068-4D60-A7A7-4D2665970562/manage/BDEDFBC9-4E0C-4234-8B8B-5F103E6A0D35/batches/list]
005874562 (D5A7873B-D393-43E2-8A17-40D286F56B4A);IMAGESET;IMAGESET_NOT_ASSIGNED_TO_THIS_PROJECT_IN_ROSETTA;[IMAGESET|https://www.familysearch.org/indexing/admin-new/#/projects/1E1B42AB-8068-4D60-A7A7-4D2665970562/manage/D5A7873B-D393-43E2-8A17-40D286F56B4A/batches/list]
005876804 (B63566C2-27EC-452D-93FD-49D82B023BD7);IMAGESET;IMAGESET_NOT_ASSIGNED_TO_THIS_PROJECT_IN_ROSETTA;[IMAGESET|https://www.familysearch.org/indexing/admin-new/#/projects/1E1B42AB-8068-4D60-A7A7-4D2665970562/manage/B63566C2-27EC-452D-93FD-49D82B023BD7/batches/list]
005876807 (D3B05B85-58F2-4623-BF5D-6E81E239469A);IMAGESET;IMAGESET_NOT_ASSIGNED_TO_THIS_PROJECT_IN_ROSETTA;[IMAGESET|https://www.familysearch.org/indexing/admin-new/#/projects/1E1B42AB-8068-4D60-A7A7-4D2665970562/manage/D3B05B85-58F2-4623-BF5D-6E81E239469A/batches/list]
005876800 (556F4B8D-4DEC-4EC5-8207-FE302AB0B472);IMAGESET;IMAGESET_NOT_ASSIGNED_TO_THIS_PROJECT_IN_ROSETTA;[IMAGESET|https://www.familysearch.org/indexing/admin-new/#/projects/1E1B42AB-8068-4D60-A7A7-4D2665970562/manage/556F4B8D-4DEC-4EC5-8207-FE302AB0B472/batches/list]
005874621 (D390776C-413F-4016-B433-0A4306D4C846);IMAGESET;IMAGESET_NOT_ASSIGNED_TO_THIS_PROJECT_IN_ROSETTA;[IMAGESET|https://www.familysearch.org/indexing/admin-new/#/projects/1E1B42AB-8068-4D60-A7A7-4D2665970562/manage/D390776C-413F-4016-B433-0A4306D4C846/batches/list]
005874624 (5834F876-0084-45A2-A57A-60A7EF9C5C1D);IMAGESET;IMAGESET_NOT_ASSIGNED_TO_THIS_PROJECT_IN_ROSETTA;[IMAGESET|https://www.familysearch.org/indexing/admin-new/#/projects/1E1B42AB-8068-4D60-A7A7-4D2665970562/manage/5834F876-0084-45A2-A57A-60A7EF9C5C1D/batches/list]
005874614 (E1A95D53-C09A-4922-8194-A2F8BD911758);IMAGESET;IMAGESET_NOT_ASSIGNED_TO_THIS_PROJECT_IN_ROSETTA;[IMAGESET|https://www.familysearch.org/indexing/admin-new/#/projects/1E1B42AB-8068-4D60-A7A7-4D2665970562/manage/E1A95D53-C09A-4922-8194-A2F8BD911758/batches/list]
005871090 (D9593EE0-7B8C-493F-9300-0F137E94E5D5);IMAGESET;IMAGESET_NOT_ASSIGNED_TO_THIS_PROJECT_IN_ROSETTA;[IMAGESET|https://www.familysearch.org/indexing/admin-new/#/projects/1E1B42AB-8068-4D60-A7A7-4D2665970562/manage/D9593EE0-7B8C-493F-9300-0F137E94E5D5/batches/list]
005876805 (9F1CBE33-3B49-4AD1-B8AF-6D040C61CE4C);IMAGESET;IMAGESET_NOT_ASSIGNED_TO_THIS_PROJECT_IN_ROSETTA;[IMAGESET|https://www.familysearch.org/indexing/admin-new/#/projects/1E1B42AB-8068-4D60-A7A7-4D2665970562/manage/9F1CBE33-3B49-4AD1-B8AF-6D040C61CE4C/batches/list]
005874780 (81BC1893-3547-4B54-AF3B-DA609A69683B);IMAGESET;IMAGESET_NOT_ASSIGNED_TO_THIS_PROJECT_IN_ROSETTA;[IMAGESET|https://www.familysearch.org/indexing/admin-new/#/projects/1E1B42AB-8068-4D60-A7A7-4D2665970562/manage/81BC1893-3547-4B54-AF3B-DA609A69683B/batches/list]
005876793 (E7143502-18C2-4758-9874-AEBEBB56FAB2);IMAGESET;IMAGESET_NOT_ASSIGNED_TO_THIS_PROJECT_IN_ROSETTA;[IMAGESET|https://www.familysearch.org/indexing/admin-new/#/projects/1E1B42AB-8068-4D60-A7A7-4D2665970562/manage/E7143502-18C2-4758-9874-AEBEBB56FAB2/batches/list]
005874577 (654398CE-AB25-4CF6-B733-59D1C6E3AF2B);IMAGESET;IMAGESET_NOT_ASSIGNED_TO_THIS_PROJECT_IN_ROSETTA;[IMAGESET|https://www.familysearch.org/indexing/admin-new/#/projects/1E1B42AB-8068-4D60-A7A7-4D2665970562/manage/654398CE-AB25-4CF6-B733-59D1C6E3AF2B/batches/list]
005876794 (78BF89CC-DC3B-44D2-9DBD-35C8DEC6D2F6);IMAGESET;IMAGESET_NOT_ASSIGNED_TO_THIS_PROJECT_IN_ROSETTA;[IMAGESET|https://www.familysearch.org/indexing/admin-new/#/projects/1E1B42AB-8068-4D60-A7A7-4D2665970562/manage/78BF89CC-DC3B-44D2-9DBD-35C8DEC6D2F6/batches/list]
005874583 (CEE727FF-E411-4B92-9832-22C50155E64E);IMAGESET;IMAGESET_NOT_ASSIGNED_TO_THIS_PROJECT_IN_ROSETTA;[IMAGESET|https://www.familysearch.org/indexing/admin-new/#/projects/1E1B42AB-8068-4D60-A7A7-4D2665970562/manage/CEE727FF-E411-4B92-9832-22C50155E64E/batches/list]
005876810 (B701BC8E-C09D-4ED4-8BC9-3D8B0D22E372);IMAGESET;IMAGESET_NOT_ASSIGNED_TO_THIS_PROJECT_IN_ROSETTA;[IMAGESET|https://www.familysearch.org/indexing/admin-new/#/projects/1E1B42AB-8068-4D60-A7A7-4D2665970562/manage/B701BC8E-C09D-4ED4-8BC9-3D8B0D22E372/batches/list]
005873871 (2F6D996D-4244-4B64-816A-2F95284192E9);IMAGESET;IMAGESET_NOT_ASSIGNED_TO_THIS_PROJECT_IN_ROSETTA;[IMAGESET|https://www.familysearch.org/indexing/admin-new/#/projects/1E1B42AB-8068-4D60-A7A7-4D2665970562/manage/2F6D996D-4244-4B64-816A-2F95284192E9/batches/list]
005876802 (623ADA2D-871A-4C48-AB3D-A731F794C137);IMAGESET;IMAGESET_NOT_ASSIGNED_TO_THIS_PROJECT_IN_ROSETTA;[IMAGESET|https://www.familysearch.org/indexing/admin-new/#/projects/1E1B42AB-8068-4D60-A7A7-4D2665970562/manage/623ADA2D-871A-4C48-AB3D-A731F794C137/batches/list]
005873879 (966E7AEE-3A65-49B9-80E2-4778BEAEF837);IMAGESET;IMAGESET_NOT_ASSIGNED_TO_THIS_PROJECT_IN_ROSETTA;[IMAGESET|https://www.familysearch.org/indexing/admin-new/#/projects/1E1B42AB-8068-4D60-A7A7-4D2665970562/manage/966E7AEE-3A65-49B9-80E2-4778BEAEF837/batches/list]
005874625 (A78E6F8C-7AE0-49D5-8993-65678FCF5D95);IMAGESET;IMAGESET_NOT_ASSIGNED_TO_THIS_PROJECT_IN_ROSETTA;[IMAGESET|https://www.familysearch.org/indexing/admin-new/#/projects/1E1B42AB-8068-4D60-A7A7-4D2665970562/manage/A78E6F8C-7AE0-49D5-8993-65678FCF5D95/batches/list]
005874600 (85AE4425-77EB-4FFB-9BF3-1A4C27E04929);IMAGESET;IMAGESET_NOT_ASSIGNED_TO_THIS_PROJECT_IN_ROSETTA;[IMAGESET|https://www.familysearch.org/indexing/admin-new/#/projects/1E1B42AB-8068-4D60-A7A7-4D2665970562/manage/85AE4425-77EB-4FFB-9BF3-1A4C27E04929/batches/list]
005874779 (A497A046-EC78-4FED-B388-211F5B3580D4);IMAGESET;IMAGESET_NOT_ASSIGNED_TO_THIS_PROJECT_IN_ROSETTA;[IMAGESET|https://www.familysearch.org/indexing/admin-new/#/projects/1E1B42AB-8068-4D60-A7A7-4D2665970562/manage/A497A046-EC78-4FED-B388-211F5B3580D4/batches/list]
005873874 (319D81DD-7272-45CD-ACA1-E689C2EF4354);IMAGESET;IMAGESET_NOT_ASSIGNED_TO_THIS_PROJECT_IN_ROSETTA;[IMAGESET|https://www.familysearch.org/indexing/admin-new/#/projects/1E1B42AB-8068-4D60-A7A7-4D2665970562/manage/319D81DD-7272-45CD-ACA1-E689C2EF4354/batches/list]
005871091 (D7BD741E-9A8D-449D-8C30-3F573C3B43C0);IMAGESET;IMAGESET_NOT_ASSIGNED_TO_THIS_PROJECT_IN_ROSETTA;[IMAGESET|https://www.familysearch.org/indexing/admin-new/#/projects/1E1B42AB-8068-4D60-A7A7-4D2665970562/manage/D7BD741E-9A8D-449D-8C30-3F573C3B43C0/batches/list]
005874832 (D64ED62B-411B-4423-8D90-76096E4457F3);IMAGESET;IMAGESET_NOT_ASSIGNED_TO_THIS_PROJECT_IN_ROSETTA;[IMAGESET|https://www.familysearch.org/indexing/admin-new/#/projects/1E1B42AB-8068-4D60-A7A7-4D2665970562/manage/D64ED62B-411B-4423-8D90-76096E4457F3/batches/list]
005871088 (6AAC8577-DF33-43F1-B9EA-A194295182D0);IMAGESET;IMAGESET_NOT_ASSIGNED_TO_THIS_PROJECT_IN_ROSETTA;[IMAGESET|https://www.familysearch.org/indexing/admin-new/#/projects/1E1B42AB-8068-4D60-A7A7-4D2665970562/manage/6AAC8577-DF33-43F1-B9EA-A194295182D0/batches/list]
005874777 (5B5EB927-11DE-4812-82A1-03BE6EFE8AAD);IMAGESET;IMAGESET_NOT_ASSIGNED_TO_THIS_PROJECT_IN_ROSETTA;[IMAGESET|https://www.familysearch.org/indexing/admin-new/#/projects/1E1B42AB-8068-4D60-A7A7-4D2665970562/manage/5B5EB927-11DE-4812-82A1-03BE6EFE8AAD/batches/list]
005874833 (F0856E98-F912-4135-BBE5-BB00B16051C2);IMAGESET;IMAGESET_NOT_ASSIGNED_TO_THIS_PROJECT_IN_ROSETTA;[IMAGESET|https://www.familysearch.org/indexing/admin-new/#/projects/1E1B42AB-8068-4D60-A7A7-4D2665970562/manage/F0856E98-F912-4135-BBE5-BB00B16051C2/batches/list]
005874809 (1E572A93-1C03-41CA-B6D7-2AAF82A0BCAB);IMAGESET;IMAGESET_NOT_ASSIGNED_TO_THIS_PROJECT_IN_ROSETTA;[IMAGESET|https://www.familysearch.org/indexing/admin-new/#/projects/1E1B42AB-8068-4D60-A7A7-4D2665970562/manage/1E572A93-1C03-41CA-B6D7-2AAF82A0BCAB/batches/list]
005874807 (89615272-3CAE-4D80-AD1E-6A2909116381);IMAGESET;IMAGESET_NOT_ASSIGNED_TO_THIS_PROJECT_IN_ROSETTA;[IMAGESET|https://www.familysearch.org/indexing/admin-new/#/projects/1E1B42AB-8068-4D60-A7A7-4D2665970562/manage/89615272-3CAE-4D80-AD1E-6A2909116381/batches/list]
005874835 (759BB186-05AA-40FA-BC44-7D9F2DA1D0B0);IMAGESET;IMAGESET_NOT_ASSIGNED_TO_THIS_PROJECT_IN_ROSETTA;[IMAGESET|https://www.familysearch.org/indexing/admin-new/#/projects/1E1B42AB-8068-4D60-A7A7-4D2665970562/manage/759BB186-05AA-40FA-BC44-7D9F2DA1D0B0/batches/list]
005876809 (216B170A-4812-41CD-B142-75B1C145A3E4);IMAGESET;IMAGESET_NOT_ASSIGNED_TO_THIS_PROJECT_IN_ROSETTA;[IMAGESET|https://www.familysearch.org/indexing/admin-new/#/projects/1E1B42AB-8068-4D60-A7A7-4D2665970562/manage/216B170A-4812-41CD-B142-75B1C145A3E4/batches/list]
005874615 (AF14C7DF-91B9-4ED7-99C4-E8A6A08E3122);IMAGESET;IMAGESET_NOT_ASSIGNED_TO_THIS_PROJECT_IN_ROSETTA;[IMAGESET|https://www.familysearch.org/indexing/admin-new/#/projects/1E1B42AB-8068-4D60-A7A7-4D2665970562/manage/AF14C7DF-91B9-4ED7-99C4-E8A6A08E3122/batches/list]
005874827 (1BA57C57-A4D8-46DA-A707-B75D89AAAFE7);IMAGESET;IMAGESET_NOT_ASSIGNED_TO_THIS_PROJECT_IN_ROSETTA;[IMAGESET|https://www.familysearch.org/indexing/admin-new/#/projects/1E1B42AB-8068-4D60-A7A7-4D2665970562/manage/1BA57C57-A4D8-46DA-A707-B75D89AAAFE7/batches/list]
005874800 (C70C0374-A71C-4217-85BC-69EDDA0CAB05);IMAGESET;IMAGESET_NOT_ASSIGNED_TO_THIS_PROJECT_IN_ROSETTA;[IMAGESET|https://www.familysearch.org/indexing/admin-new/#/projects/1E1B42AB-8068-4D60-A7A7-4D2665970562/manage/C70C0374-A71C-4217-85BC-69EDDA0CAB05/batches/list]
005874569 (24A4EC1D-FD59-4622-8C14-FA1CB63053FC);IMAGESET;IMAGESET_NOT_ASSIGNED_TO_THIS_PROJECT_IN_ROSETTA;[IMAGESET|https://www.familysearch.org/indexing/admin-new/#/projects/1E1B42AB-8068-4D60-A7A7-4D2665970562/manage/24A4EC1D-FD59-4622-8C14-FA1CB63053FC/batches/list]
005873903 (3FAB8B8D-E878-4F0D-8C95-62A8DC9AD974);IMAGESET;IMAGESET_NOT_ASSIGNED_TO_THIS_PROJECT_IN_ROSETTA;[IMAGESET|https://www.familysearch.org/indexing/admin-new/#/projects/1E1B42AB-8068-4D60-A7A7-4D2665970562/manage/3FAB8B8D-E878-4F0D-8C95-62A8DC9AD974/batches/list]
005873875 (BBD0B18D-79BA-4FE4-9A26-C8AED73385F8);IMAGESET;IMAGESET_NOT_ASSIGNED_TO_THIS_PROJECT_IN_ROSETTA;[IMAGESET|https://www.familysearch.org/indexing/admin-new/#/projects/1E1B42AB-8068-4D60-A7A7-4D2665970562/manage/BBD0B18D-79BA-4FE4-9A26-C8AED73385F8/batches/list]
005874604 (30BA2088-FF16-4322-887D-A5954A35FC15);IMAGESET;IMAGESET_NOT_ASSIGNED_TO_THIS_PROJECT_IN_ROSETTA;[IMAGESET|https://www.familysearch.org/indexing/admin-new/#/projects/1E1B42AB-8068-4D60-A7A7-4D2665970562/manage/30BA2088-FF16-4322-887D-A5954A35FC15/batches/list]
005874554 (B2C49BBE-68F0-491A-BB2D-9015C22EF7DE);IMAGESET;IMAGESET_NOT_ASSIGNED_TO_THIS_PROJECT_IN_ROSETTA;[IMAGESET|https://www.familysearch.org/indexing/admin-new/#/projects/1E1B42AB-8068-4D60-A7A7-4D2665970562/manage/B2C49BBE-68F0-491A-BB2D-9015C22EF7DE/batches/list]
