Item;Item Type;Note
DA3F5893-4270-4ABD-92A3-66D6E9FE6780;IMAGESET;Not in ImageExportTable
30BEEF7F-2BE0-46AE-B54A-B2D2325E1BFC;IMAGESET;Not in ImageExportTable
24C444C7-883D-4D91-BBE8-16A7D10E7170;IMAGESET;Not in ImageExportTable
CB18C8BB-C12A-48E4-BC5A-176A27402AD5;IMAGESET;Not in ImageExportTable
4856168A-4486-4E81-A680-48DE86A2E354;IMAGESET;Not in ImageExportTable
ED0CF272-01FB-4E99-A87E-A9D349ADBFFC;IMAGESET;Not in ImageExportTable
B8865AB3-6D3C-42E7-8DF9-B1E02512AD08;IMAGESET;Not in ImageExportTable
CCBBF6C9-E2C1-4FF9-9F74-D07FF2C9084E;IMAGESET;Not in ImageExportTable
76ECCDFC-8BD3-4DE5-B21E-5C20A29BF213;IMAGESET;Not in ImageExportTable
46FDB19C-75B1-4757-A0F2-3A4FD23379FF;IMAGESET;Not in ImageExportTable
5347A91E-EC8A-4B89-803E-FEF4D6AF86EF;IMAGESET;Not in ImageExportTable
D9C41773-3DFB-4175-B8D7-34C442F8D05E;IMAGESET;Not in ImageExportTable
627E9150-F013-43AF-B4CD-109744035490;IMAGESET;Not in ImageExportTable
14306FB9-9F11-4E75-9419-BFF3F07FA85C;IMAGESET;Not in ImageExportTable
4BCD865E-07F5-40FA-8897-E80657653CAE;IMAGESET;Not in ImageExportTable
252F3457-6740-4EC0-9DF6-B58E2810E5C4;IMAGESET;Not in ImageExportTable
97FEEC4A-96EE-4D75-BAC4-7CD6058DDAA1;IMAGESET;Not in ImageExportTable
10984EEE-4697-47AF-BF70-306041A1FE54;IMAGESET;Not in ImageExportTable
382A8B3D-97B6-4CC0-AFE0-ED4AF4951619;IMAGESET;Not in ImageExportTable
A1F703A7-4CF2-427F-AC05-855F833DB5CE;IMAGESET;Not in ImageExportTable
06A506CE-FA50-4186-8CAE-CC3B2640A7EA;IMAGESET;Not in ImageExportTable
A4E7CE61-4851-44F6-802F-A0A28A396B2D;IMAGESET;Not in ImageExportTable
8F3B785B-338F-46E1-B0F8-7F64CBF38567;IMAGESET;Not in ImageExportTable
F0778D2E-F7C4-44AC-84A2-C37B365AC12C;IMAGESET;Not in ImageExportTable
5E7A6CE3-0865-47A5-BD8E-52AA3893DBA4;IMAGESET;Not in ImageExportTable
1A07BEA3-AA6D-4121-99FE-AE49D88697DC;IMAGESET;Not in ImageExportTable
6A6A4D7F-B642-43B4-B133-D0D80D869AF1;IMAGESET;Not in ImageExportTable
12741DAE-5639-4AC9-81A0-E3E506DEDDEE;IMAGESET;Not in ImageExportTable
8DB76E0E-AD09-44E9-8179-5F2EE400C108;IMAGESET;Not in ImageExportTable
BE407674-C30A-40CE-A76F-2375224A443E;IMAGESET;Not in ImageExportTable
A0D6F02E-F1CA-4C12-881C-F3AE96CDF7F4;IMAGESET;Not in ImageExportTable
0E6AA8B1-4CB6-4134-AB4F-D8A9A86289CE;IMAGESET;Not in ImageExportTable
3E36FC94-DA36-4A21-B524-62537C636D4A;IMAGESET;Not in ImageExportTable
6189D483-0701-4DDD-B7B5-11F413F311F6;IMAGESET;Not in ImageExportTable
1B718181-47E1-42A1-9A75-629B3C4FEE25;IMAGESET;Not in ImageExportTable
F56F6C87-6E1D-47CD-BAF4-C908CB9A0801;IMAGESET;Not in ImageExportTable
0CB828CB-1248-4027-88AB-0813076D6B3F;IMAGESET;Not in ImageExportTable
E43B4168-A0BE-41A1-A56E-5F0802BA64B0;IMAGESET;Not in ImageExportTable
9F40F015-39FC-49C3-84F0-0F002F707508;IMAGESET;Not in ImageExportTable
B55F33AA-DAD4-4F14-B4C9-6853A112DCC2;IMAGESET;Not in ImageExportTable
F7D6BE5A-D1E1-449B-A934-1FBC7A235B2E;IMAGESET;Not in ImageExportTable
0D8855B6-9C76-4791-AEC5-BF1DEE27567F;IMAGESET;Not in ImageExportTable
1539F16D-4F47-40EF-AA7B-B6BB66248C94;IMAGESET;Not in ImageExportTable
86083CB9-B97C-478B-941C-4D4A2A86D7EE;IMAGESET;Not in ImageExportTable
83196F6E-85EC-43E6-8EC8-1266DB173081;IMAGESET;Not in ImageExportTable
FC8B1EC1-086C-409F-AB4E-E5AC0849033C;IMAGESET;Not in ImageExportTable
D9176873-0AAF-41D5-A920-87262403AB0A;IMAGESET;Not in ImageExportTable
465FFF47-2598-4673-8E6F-D1D3E255E67C;IMAGESET;Not in ImageExportTable
52C97B72-B70B-4565-B369-8E938719018D;IMAGESET;Not in ImageExportTable
97DFC5B7-7B19-401D-B271-5EFA1E49AC34;IMAGESET;Not in ImageExportTable
A33B767A-7CC1-4E4D-B7F6-DD8D745F7F80;IMAGESET;Not in ImageExportTable
B88C08B5-208A-4544-A0EB-8ABE52692B02;IMAGESET;Not in ImageExportTable
774D7C29-8545-470C-A5E8-C4BB1B638C17;IMAGESET;Not in ImageExportTable
D4A0D314-F7EC-4CA0-ACE0-CAFA30A537AF;IMAGESET;Not in ImageExportTable
7B471F96-3CCB-405C-933C-52C63D7A542E;IMAGESET;Not in ImageExportTable
0192AD0E-A3E2-45EE-AA21-D2F6194400A2;IMAGESET;Not in ImageExportTable
11D2876A-5EE3-4162-9547-74BF1659AB19;IMAGESET;Not in ImageExportTable
72952AE8-7669-4680-AD79-BE1CE37D727F;IMAGESET;Not in ImageExportTable
6B764D60-29B7-4473-886F-7CBB27F020F1;IMAGESET;Not in ImageExportTable
DD41B39F-C72B-4A93-9C54-9718E140F814;IMAGESET;Not in ImageExportTable
53F66BD3-B5E2-46AD-B89C-6E7C6FF4FFAF;IMAGESET;Not in ImageExportTable
B9FBEE7C-03BD-487E-9F2D-9DB846D77D40;IMAGESET;Not in ImageExportTable
3C037500-6CF7-427D-B5F2-D90FE872AA92;IMAGESET;Not in ImageExportTable
E57F7AFC-60BE-49B6-B184-FA7F524A0516;IMAGESET;Not in ImageExportTable
728151EE-10D2-42B0-A252-8104E755322B;IMAGESET;Not in ImageExportTable
0CC28A59-6170-4796-8A82-4F9847133CAA;IMAGESET;Not in ImageExportTable
DD4A3620-FE04-4088-B476-48FD8219D4D5;IMAGESET;Not in ImageExportTable
A12FA36A-2644-4395-A409-EAD9E9B54F1D;IMAGESET;Not in ImageExportTable
F84CA314-FA75-4B81-8625-6C2A5DD3E067;IMAGESET;Not in ImageExportTable
22AAFDF3-1DC3-4F6C-84AC-AC5631F2EED3;IMAGESET;Not in ImageExportTable
BD87B5F7-A4E1-45FE-B794-6213773192D6;IMAGESET;Not in ImageExportTable
8822638A-D781-494E-9A36-8883090099AC;IMAGESET;Not in ImageExportTable
A9FCE5F0-4D65-4112-A979-3543B4123735;IMAGESET;Not in ImageExportTable
84D2F995-C97B-427D-84BE-D9A0A620E6C7;IMAGESET;Not in ImageExportTable
44493158-EFEA-4137-8A05-6F175B4E8DEA;IMAGESET;Not in ImageExportTable
1B4C5B1E-92A9-447F-88F2-04F3AAAE1EAD;IMAGESET;Not in ImageExportTable
3B85F5F4-800C-4617-82B9-9B422B7A423A;IMAGESET;Not in ImageExportTable
69729B30-BA58-483C-807E-A7BE62754C71;IMAGESET;Not in ImageExportTable
516E54EF-0775-46E2-B88D-01003188337C;IMAGESET;Not in ImageExportTable
3E1263A8-CC29-493E-B51F-DC7C40BA0A5E;IMAGESET;Not in ImageExportTable
48F2B1BC-824F-43EC-BAA6-6DA52AB8B470;IMAGESET;Not in ImageExportTable
0BCBD36B-8526-4D9C-AA65-62DD8DE4BB97;IMAGESET;Not in ImageExportTable
304238F2-DC7E-4DC1-AD0D-45F1CB6CDAEA;IMAGESET;Not in ImageExportTable
64892E21-B955-4A28-BBDC-DE6C40A0C9B4;IMAGESET;Not in ImageExportTable
B10DB3E5-DEF3-484B-8DCA-2346C08C3FA9;IMAGESET;Not in ImageExportTable
21037E5D-0A08-4000-A320-F5CD78D06A4C;IMAGESET;Not in ImageExportTable
F9DCC10B-9EC6-450A-917E-E76B23D9BA1E;IMAGESET;Not in ImageExportTable
DB71FBDA-697A-48CA-B289-69DFAFB1594A;IMAGESET;Not in ImageExportTable
4BAA7CE1-267E-4A86-B8A6-51BDD211B711;IMAGESET;Not in ImageExportTable
7CAA1A7C-9FF4-4C42-9C0E-AE7D0B4599C0;IMAGESET;Not in ImageExportTable
C53DC1D7-2139-4806-84AC-DED445736673;IMAGESET;Not in ImageExportTable
36C321D5-981D-46C9-8A86-2F4AA3D644D4;IMAGESET;Not in ImageExportTable
06373552-AF2C-4F91-8FE2-645C8D8C55E4;IMAGESET;Not in ImageExportTable
C73388AF-E2E0-44A0-8B09-1735FC517783;IMAGESET;Not in ImageExportTable
3A50CCDC-B8BD-4611-8893-BA9087BCF56F;IMAGESET;Not in ImageExportTable
546E9A28-328E-430E-8F34-D0A86AB86B3A;IMAGESET;Not in ImageExportTable
B364FD4A-8FBB-4DC2-8642-1C0626B6D99E;IMAGESET;Not in ImageExportTable
614592B1-5786-4C97-ABC5-313FDDFDD20E;IMAGESET;Not in ImageExportTable
B7F05474-876F-41B8-8934-BF54EBAF39A4;IMAGESET;Not in ImageExportTable
E47126D2-CDE9-493D-906C-4D5A27587EEE;IMAGESET;Not in ImageExportTable
64B2639B-605C-4FB8-8119-164833102594;IMAGESET;Not in ImageExportTable
2C10B4A6-D94A-4415-89F7-586EF92C87B3;IMAGESET;Not in ImageExportTable
4B048474-7083-4FD1-A11A-A30E2DAD7AD6;IMAGESET;Not in ImageExportTable
25000D87-C02F-4AB3-AD87-C7E509C19525;IMAGESET;Not in ImageExportTable
F737DB4E-647C-40A4-980F-9A023123E8DE;IMAGESET;Not in ImageExportTable
6AD90D13-B647-4EF6-BE72-1B43A7EDEAE1;IMAGESET;Not in ImageExportTable
D1609826-A559-43D1-AD3D-4D711179559A;IMAGESET;Not in ImageExportTable
ACF0065C-C6F0-4B8D-B67D-D1A9D281806F;IMAGESET;Not in ImageExportTable
7E2F92BE-DF97-4B04-A2D5-4424C2A6791C;IMAGESET;Not in ImageExportTable
A8C4EB5A-42FB-4C14-AAF7-4982282BDC3E;IMAGESET;Not in ImageExportTable
697364E7-92A4-4F29-816A-665A74B9DFDC;IMAGESET;Not in ImageExportTable
9EA29424-9CBD-4967-98DC-CDD3F5F9307B;IMAGESET;Not in ImageExportTable
F845850D-4103-4EF7-8FA2-799D306B1503;IMAGESET;Not in ImageExportTable
C7B74450-F7F4-410C-A255-9BC2F2705AA9;IMAGESET;Not in ImageExportTable
3097A53A-2AE2-4ED0-BFAA-1019A3B6CEFA;IMAGESET;Not in ImageExportTable
4A98A9F5-16E8-4881-B182-A223D94D735B;IMAGESET;Not in ImageExportTable
3D0C44E1-8BA1-4D61-9E36-B7A8FFBBCCF4;IMAGESET;Not in ImageExportTable
CE8C4C80-1B3D-49E5-8AF3-187A362E5799;IMAGESET;Not in ImageExportTable
933871D6-FE43-418C-9197-00AADAEF8541;IMAGESET;Not in ImageExportTable
CFEDCA6D-E899-4EF7-B310-37CB69AFEE28;IMAGESET;Not in ImageExportTable
B83FEA66-AE53-4B3B-BFAC-A2D862567012;IMAGESET;Not in ImageExportTable
C913AF48-4D7E-4085-B9C3-A443969C6803;IMAGESET;Not in ImageExportTable
F48CA4C3-3A7A-4A2C-9140-622AE0FE6B69;IMAGESET;Not in ImageExportTable
3C23762F-51FE-4F68-BE79-E6CD5EA47924;IMAGESET;Not in ImageExportTable
6CA677F2-2CAB-49BF-8365-0A29DCDAFE35;IMAGESET;Not in ImageExportTable
8788B992-0BF1-4028-AD12-E3B6DD0B36FB;IMAGESET;Not in ImageExportTable
856C75AD-C97D-413E-8F61-63804A0B3806;IMAGESET;Not in ImageExportTable
78D3B536-451C-4EAD-ABAB-1F16774538F8;IMAGESET;Not in ImageExportTable
8518DD01-C025-4B95-B0B4-2584E696E678;IMAGESET;Not in ImageExportTable
590355F0-1361-4E27-8529-B1A56D176528;IMAGESET;Not in ImageExportTable
8C0C4E3C-20CD-424C-9282-38D991C49C24;IMAGESET;Not in ImageExportTable
21BAFC2A-A6BE-451F-B3B2-51237244EA32;IMAGESET;Not in ImageExportTable
BE744A35-4D41-427C-B70F-F3D23ED0FCB3;IMAGESET;Not in ImageExportTable
992B001C-D23D-48E2-AA35-B7EC21D20065;IMAGESET;Not in ImageExportTable
8F62E207-2912-4420-B085-4D3916815A2B;IMAGESET;Not in ImageExportTable
DDD3EB0D-9598-4143-AC8F-7BA1AA1EA9C7;IMAGESET;Not in ImageExportTable
D8F30D28-5C9F-43C2-AB3E-7767FA49A2EC;IMAGESET;Not in ImageExportTable
C771F881-A3EE-4E62-ACBD-F28B68D466F6;IMAGESET;Not in ImageExportTable
F40C9419-FBFC-412D-AF3B-54446EC9C0D4;IMAGESET;Not in ImageExportTable
EDAE0F83-B2AF-4A9E-8121-C549D2FFF512;IMAGESET;Not in ImageExportTable
CB5BB8CF-1E4D-48EC-85A5-A0BC76470A42;IMAGESET;Not in ImageExportTable
95F12C55-8219-48C5-B837-E877F1559D24;IMAGESET;Not in ImageExportTable
0C650BAB-A97B-4B2F-AEDF-7DC81D6A3860;IMAGESET;Not in ImageExportTable
5E53413E-5DA9-4143-B027-6BDCA2828152;IMAGESET;Not in ImageExportTable
4BC5884F-7CBE-4DFB-B8F0-C531BAA3197A;IMAGESET;Not in ImageExportTable
F92418B0-5A88-42CB-A40E-2BF1DD331682;IMAGESET;Not in ImageExportTable
C2C9C410-B139-4984-BAD9-75FF97421B28;IMAGESET;Not in ImageExportTable
0F349FDF-9145-497F-A281-80A02CBB8DE6;IMAGESET;Not in ImageExportTable
996854AF-D305-4320-B6AB-DF79390293C4;IMAGESET;Not in ImageExportTable
23D549A8-FF6C-408A-A124-FF60A33EE139;IMAGESET;Not in ImageExportTable
319BCD6B-3855-41EA-9B21-4870A9E7AE0F;IMAGESET;Not in ImageExportTable
51A71C9C-1150-411F-914B-8EE5DF9B74B8;IMAGESET;Not in ImageExportTable
0A98815C-216E-4A71-AFDF-3BB6565198FA;IMAGESET;Not in ImageExportTable
494E108A-B8F0-49D2-B8BD-A2B77B3D9EBB;IMAGESET;Not in ImageExportTable
EAFEBA63-DEC4-4BE0-A6E7-94133BE63154;IMAGESET;Not in ImageExportTable
4282A383-948E-4AB7-B5A8-CAEA6D32F408;IMAGESET;Not in ImageExportTable
23FDF579-D907-4789-B8F5-399C4C951B4B;IMAGESET;Not in ImageExportTable
95F974BD-6462-42C1-886B-5F94A9DC9404;IMAGESET;Not in ImageExportTable
00657B54-D7FD-4FFD-873D-93EE0AFFB212;IMAGESET;Not in ImageExportTable
68B7C158-8824-4D6C-B845-C3CE3A91C19C;IMAGESET;Not in ImageExportTable
AFFF72B9-A0C2-4E7B-A72A-C6EBCA379C87;IMAGESET;Not in ImageExportTable
C9ECBF4C-578F-44EA-B80A-62F271367BF7;IMAGESET;Not in ImageExportTable
345FD848-D6E1-46E1-9541-743AFA2684DB;IMAGESET;Not in ImageExportTable
2ADBCE8A-03D1-431E-8624-51E15EAD3DD6;IMAGESET;Not in ImageExportTable
FEDEF5E8-661F-4D90-8BBE-620D29F97FDE;IMAGESET;Not in ImageExportTable
AA7E312C-444C-4FD9-B308-5DEC91E3C2F4;IMAGESET;Not in ImageExportTable
4EA486FB-5120-4442-8686-43F7472CD4C4;IMAGESET;Not in ImageExportTable
7F24AB2D-5C3E-49D7-8060-59B0E454D1A4;IMAGESET;Not in ImageExportTable
F3AB9E8B-470E-400D-A0C6-7D1F711876FD;IMAGESET;Not in ImageExportTable
BC7000CF-3E34-4D89-BDA1-28DC62CA76FE;IMAGESET;Not in ImageExportTable
69507B29-BDAB-44F3-BDB5-558026D3E28C;IMAGESET;Not in ImageExportTable
84AEBC27-643D-4B34-B7E3-F4E5A8AA992D;IMAGESET;Not in ImageExportTable
34BC6229-28EA-4D38-B772-DA1EC382723E;IMAGESET;Not in ImageExportTable
CFDA86FC-29E5-45AA-B241-CE97D68B8FD6;IMAGESET;Not in ImageExportTable
CBF401DE-0FF7-4F40-93F8-40BF1FE283B5;IMAGESET;Not in ImageExportTable
0D40DAE3-6D8F-4EF6-BDC1-2FBA1FF0EA91;IMAGESET;Not in ImageExportTable
1700B50E-7BEA-48ED-81FD-E4EC35815F99;IMAGESET;Not in ImageExportTable
EE2A0062-F8CF-443D-A035-3EE0CECE7BCE;IMAGESET;Not in ImageExportTable
711DA81A-CAF5-4D08-806E-FB7660ACCE51;IMAGESET;Not in ImageExportTable
193630B4-5B68-45C5-B728-8BA3521A1EE0;IMAGESET;Not in ImageExportTable
8C078EB4-FA69-4831-AC81-4689C16150C6;IMAGESET;Not in ImageExportTable
F4793FF9-9D6B-4FBE-AB2F-1F6E696B7BD9;IMAGESET;Not in ImageExportTable
E8CC4E86-3D6C-4BCE-AA37-C4914B941BE0;IMAGESET;Not in ImageExportTable
3DE4C16B-D251-4C4E-A4E1-7CA169628834;IMAGESET;Not in ImageExportTable
529A58E1-4754-4AC8-A22C-AA44F6B31E2F;IMAGESET;Not in ImageExportTable
3F03D0C9-70BB-4F93-971B-828B5F00B858;IMAGESET;Not in ImageExportTable
B6D66F7D-035F-4CF2-A7D9-B65A785DBE26;IMAGESET;Not in ImageExportTable
43C6878D-0BD8-4A53-B5C1-BE63CDE995DA;IMAGESET;Not in ImageExportTable
9188BF91-2875-40DB-89B2-185817636FDB;IMAGESET;Not in ImageExportTable
765381D4-1E03-4E80-A213-BA86FAB2A75A;IMAGESET;Not in ImageExportTable
908165EC-CB3E-46DA-BC78-67AA11250037;IMAGESET;Not in ImageExportTable
D700D6ED-D4DC-4397-A5D1-F3C8563DC909;IMAGESET;Not in ImageExportTable
A0A4E597-5343-4F81-9378-50E99AB05255;IMAGESET;Not in ImageExportTable
AFCE8279-D0DA-4105-AD98-DA003026FCBC;IMAGESET;Not in ImageExportTable
15C1D2C7-15C9-440C-9A31-74E320E8D59E;IMAGESET;Not in ImageExportTable
4AD2CACF-80E9-4845-A54B-6CD0E7196B0D;IMAGESET;Not in ImageExportTable
77CEA475-6077-45BC-B4A5-6006B570EA1B;IMAGESET;Not in ImageExportTable
75AE68EB-9B35-4583-B659-8425C4D5A610;IMAGESET;Not in ImageExportTable
D8234B77-6CD4-4624-A4E9-0CE351543AD9;IMAGESET;Not in ImageExportTable
784516AA-4941-4841-AD36-A745FAC05AE2;IMAGESET;Not in ImageExportTable
E3878DA4-0261-406E-8998-32683C0362AA;IMAGESET;Not in ImageExportTable
4DE73CFA-4C8F-4F21-9A1D-BE444E77CBDB;IMAGESET;Not in ImageExportTable
1BDB526A-7776-4415-B0CC-EDBDCF39A6AF;IMAGESET;Not in ImageExportTable
EA4D4927-0776-49EC-9320-30B04EBAE36A;IMAGESET;Not in ImageExportTable
1AFD0088-7077-4EFD-8A97-B247B9CD7C54;IMAGESET;Not in ImageExportTable
71F2B8E6-75A4-47CD-931E-EE8504DE6437;IMAGESET;Not in ImageExportTable
03C9401B-A2A8-4FF1-B813-7041CA0FB4B7;IMAGESET;Not in ImageExportTable
D2158637-ADE8-440C-A1FA-384409F31488;IMAGESET;Not in ImageExportTable
D65EBDB7-6EFF-4BF8-B324-2A84D640118E;IMAGESET;Not in ImageExportTable
0AF36889-5D42-4E29-ABDE-F5F129CD9527;IMAGESET;Not in ImageExportTable
EA91253B-7165-4499-9788-5B5849F38A17;IMAGESET;Not in ImageExportTable
5E1E1B4C-5F64-41B1-939C-09DCCBA389EF;IMAGESET;Not in ImageExportTable
532BDCA3-BA3E-483E-9057-A7753D511927;IMAGESET;Not in ImageExportTable
E904D278-162F-4C9B-92DB-7F04E307F46F;IMAGESET;Not in ImageExportTable
DB464D9A-FF72-4BF9-BB7A-C2E7828F1C11;IMAGESET;Not in ImageExportTable
C44D077C-B15D-4432-B73F-D1C7D3B3739E;IMAGESET;Not in ImageExportTable
6E780575-91A9-401C-9921-15A94E4DB9F3;IMAGESET;Not in ImageExportTable
ED65E7C9-C423-429A-B2BC-4D0EC9F2FE3F;IMAGESET;Not in ImageExportTable
A90E8556-251B-4AFC-B969-F46279F146D0;IMAGESET;Not in ImageExportTable
A4E3E5E5-A94A-4634-B898-CF6E95BF99BB;IMAGESET;Not in ImageExportTable
4C8ED991-877E-4413-92A1-4EFB8640FBAD;IMAGESET;Not in ImageExportTable
17FB310F-BCBB-421A-9F2F-98E8B9AF7444;IMAGESET;Not in ImageExportTable
D35F0A14-AE5E-4588-9D24-54B1B8B595EA;IMAGESET;Not in ImageExportTable
A0002AB2-0FF7-4785-8F04-F87A8385DFB0;IMAGESET;Not in ImageExportTable
631B3356-CAF1-457B-AF85-4FFD4E72E10C;IMAGESET;Not in ImageExportTable
BD9CD277-BE60-4628-8C2F-235FB1C45729;IMAGESET;Not in ImageExportTable
2322E48F-7AEB-4E2D-9E36-3195AA8317AC;IMAGESET;Not in ImageExportTable
848CC63D-A910-4120-8A41-D645E38C85CC;IMAGESET;Not in ImageExportTable
8BB22C7C-0358-46EA-A210-3EBB797D55DE;IMAGESET;Not in ImageExportTable
0403B337-BA43-42AF-8EC9-AAC24695DFFE;IMAGESET;Not in ImageExportTable
F6F14A97-D44F-4929-849F-BC36EDA367CA;IMAGESET;Not in ImageExportTable
61283F8F-9FEF-4A18-8AA8-40B1895D2E64;IMAGESET;Not in ImageExportTable
D09CDA9B-AB2F-4F98-ABFD-5C480B1135FA;IMAGESET;Not in ImageExportTable
2DE86C27-9688-4EC3-9F3A-483006F0D531;IMAGESET;Not in ImageExportTable
903656FD-FFDA-440A-A6D4-D36CC389EB08;IMAGESET;Not in ImageExportTable
F6AAB5D8-950A-45F6-91A6-39906CCF67E5;IMAGESET;Not in ImageExportTable
F1AF0275-FC3F-4425-AF46-48D599F6E885;IMAGESET;Not in ImageExportTable
860B73C5-0D76-4E0A-BAE5-6ADACC11CE20;IMAGESET;Not in ImageExportTable
EDACFAE2-8A53-4F6F-8D3E-28FC7AC56DFE;IMAGESET;Not in ImageExportTable
7EDE0B3F-8A30-4405-8BD9-6575A9A27536;IMAGESET;Not in ImageExportTable
987AC5A9-106E-47B7-A8CC-BC560D3076C9;IMAGESET;Not in ImageExportTable
581C6350-E48C-4040-AAA0-E8CA23329D23;IMAGESET;Not in ImageExportTable
6BDA6037-69B5-4F83-B251-0647D6B469B0;IMAGESET;Not in ImageExportTable
EEC34DA6-6F13-4D35-9DD4-CAF284CD27DB;IMAGESET;Not in ImageExportTable
43412FBC-E553-499B-BA2E-DB61B5C1C7F7;IMAGESET;Not in ImageExportTable
FA490D56-4FCD-4C6B-BCBE-22AD32B4DFCE;IMAGESET;Not in ImageExportTable
DD9646E8-A1C7-4D8A-B23D-1115B983BF43;IMAGESET;Not in ImageExportTable
381D66C3-329F-427F-84B8-347B537ACB6A;IMAGESET;Not in ImageExportTable
9998D984-3E74-4195-8C6E-231E7368F7B1;IMAGESET;Not in ImageExportTable
4229CDD0-F5D7-4906-9A65-F83D70089CB9;IMAGESET;Not in ImageExportTable
F27F3395-361F-4D2C-96C1-208D8984BE52;IMAGESET;Not in ImageExportTable
66D98448-5EA8-4951-BBE5-8FEB06033A30;IMAGESET;Not in ImageExportTable
B9CC34A0-2406-47D7-8F3F-00583ECAEC05;IMAGESET;Not in ImageExportTable
BF6C04AE-4733-4C53-9960-5E60F0127BF6;IMAGESET;Not in ImageExportTable
8C45D8C2-F5DE-4949-8F72-7524617BA100;IMAGESET;Not in ImageExportTable
ED8F070A-DA25-406D-B315-0B514994B9BD;IMAGESET;Not in ImageExportTable
7792F3E0-7835-46F8-ABD0-82EF809F10C2;IMAGESET;Not in ImageExportTable
5FCB6B83-481A-45D9-A111-6A680C8D5917;IMAGESET;Not in ImageExportTable
FB13AB29-CC3B-4417-B516-5D7A1D516B7E;IMAGESET;Not in ImageExportTable
61A95597-043E-411B-9FA3-6D0FD477DA48;IMAGESET;Not in ImageExportTable
