DGS;Travelers;Count
dgs: 007482937;[14-0365|14-0365 DgsMisassignments],[14-1781|14-1781 DgsMisassignments];2
dgs: 007482934;[14-0365|14-0365 DgsMisassignments],[14-1781|14-1781 DgsMisassignments];2
dgs: 007482941;[14-0365|14-0365 DgsMisassignments],[14-1781|14-1781 DgsMisassignments];2
dgs: 007482927;[14-0365|14-0365 DgsMisassignments],[14-1781|14-1781 DgsMisassignments];2
dgs: 007482930;[14-0365|14-0365 DgsMisassignments],[14-1781|14-1781 DgsMisassignments];2
dgs: 007466379;[14-0365|14-0365 DgsMisassignments],[14-1781|14-1781 DgsMisassignments];2
dgs: 007466385;[14-0365|14-0365 DgsMisassignments],[14-1781|14-1781 DgsMisassignments];2
dgs: 007466388;[14-0365|14-0365 DgsMisassignments],[14-1781|14-1781 DgsMisassignments];2
dgs: 007482956;[14-0365|14-0365 DgsMisassignments],[14-1781|14-1781 DgsMisassignments];2
dgs: 007482960;[14-0365|14-0365 DgsMisassignments],[14-1781|14-1781 DgsMisassignments];2
dgs: 007482948;[14-0365|14-0365 DgsMisassignments],[14-1781|14-1781 DgsMisassignments];2
dgs: 007482945;[14-0365|14-0365 DgsMisassignments],[14-1781|14-1781 DgsMisassignments];2
dgs: 007482952;[14-0365|14-0365 DgsMisassignments],[14-1781|14-1781 DgsMisassignments];2
dgs: 007466394;[14-0365|14-0365 DgsMisassignments],[14-1781|14-1781 DgsMisassignments];2
dgs: 007466397;[14-0365|14-0365 DgsMisassignments],[14-1781|14-1781 DgsMisassignments];2
dgs: 007466391;[14-0365|14-0365 DgsMisassignments],[14-1781|14-1781 DgsMisassignments];2
dgs: 007466411;[14-0365|14-0365 DgsMisassignments],[14-1781|14-1781 DgsMisassignments];2
dgs: 007466409;[14-0365|14-0365 DgsMisassignments],[14-1781|14-1781 DgsMisassignments];2
dgs: 007466400;[14-0365|14-0365 DgsMisassignments],[14-1781|14-1781 DgsMisassignments];2
dgs: 007466403;[14-0365|14-0365 DgsMisassignments],[14-1781|14-1781 DgsMisassignments];2
dgs: 007466406;[14-0365|14-0365 DgsMisassignments],[14-1781|14-1781 DgsMisassignments];2
